"Player","Team","Number","Position","Birthdate","College","Year"
"Mark McMillian","Philadelphia Eagles","--","DB","1970-04-29","Alabama","1994"
"Antone Davis","Philadelphia Eagles","--","OT","1967-02-28","Tennessee","1994"
"Charles Arbuckle","Indianapolis Colts","--","TE","1968-09-13","UCLA","1994"
"Erik Wilhelm","Cincinnati Bengals","--","QB","1965-11-19","Oregon State","1994"
"Mike Morris","Minnesota Vikings","--","C","1961-02-22","Northeast Missouri State","1994"
"Curtis Buckley","Tampa Bay Buccaneers","--","DB","1970-09-25","East Texas State","1994"
"Andy Harmon","Philadelphia Eagles","--","DT","1969-04-06","Kent State","1994"
"Scott Case","Atlanta Falcons","--","DB","1962-05-17","Oklahoma","1994"
"Mike Flores","Philadelphia Eagles","--","DE","1966-12-01","Louisville","1994"
"Brian Habib","Denver Broncos","--","OG","1964-12-02","Washington","1994"
"Willie McGinest","New England Patriots","--","DE","1971-12-11","Southern California","1994"
"Jeff Blake","Cincinnati Bengals","--","QB","1970-12-04","East Carolina","1994"
"Charles Haley","Dallas Cowboys","--","DE","1964-01-06","James Madison","1994"
"Jim Harbaugh","Indianapolis Colts","--","QB","1963-12-23","Michigan","1994"
"Dixon Edwards","Dallas Cowboys","--","LB","1968-03-25","Michigan State","1994"
"Wayne Martin","New Orleans Saints","--","DT","1965-10-26","Arkansas","1994"
"Allen Aldridge","Denver Broncos","--","LB","1972-05-30","Houston","1994"
"Chris Mims","San Diego Chargers","--","DT","1970-09-29","Tennessee","1994"
"Charles Wilson","Tampa Bay Buccaneers","--","WR","1968-07-01","Memphis","1994"
"Pat Terrell","New York Jets","--","DB","1968-03-18","Notre Dame","1994"
"Bill Johnson","Cleveland Browns","--","DT","1968-12-09","Michigan State","1994"
"Santana Dotson","Tampa Bay Buccaneers","--","DT","1969-12-19","Baylor","1994"
"Willie Beamon","New York Giants","--","DB","1970-06-14","Northern Iowa","1994"
"Corey Widmer","New York Giants","--","LB","1968-12-25","Montana State","1994"
"Cortez Kennedy","Seattle Seahawks","--","DT","1968-08-23","Miami","1994"
"Bill Musgrave","San Francisco 49ers","--","QB","1967-11-11","Oregon","1994"
"Deral Boykin","Washington Redskins","--","DB","1970-09-02","Louisville","1994"
"Kelvin Pritchett","Detroit Lions","--","DT","1969-10-24","Mississippi","1994"
"Artie Smith","San Francisco 49ers","--","DT","1970-05-15","Louisiana Tech","1994"
"Jerry Crafts","Buffalo Bills","--","OT","1968-01-06","Louisville","1994"
"Paul Green","Seattle Seahawks","--","TE","1966-10-08","Southern California","1994"
"Vaughn Parker","San Diego Chargers","--","OT","1971-06-05","UCLA","1994"
"Steve Wallace","San Francisco 49ers","--","OT","1964-12-27","Auburn","1994"
"Barry Sanders","Detroit Lions","--","RB","1968-07-16","Oklahoma State","1994"
"Mitch Lyons","Atlanta Falcons","--","TE","1970-05-13","Michigan State","1994"
"Alvin Harper","Dallas Cowboys","--","WR","1968-07-06","Tennessee","1994"
"Dean Wells","Seattle Seahawks","--","LB","1970-07-20","Kentucky","1994"
"Tracy Johnson","Seattle Seahawks","--","RB","1966-11-29","Clemson","1994"
"Rob Moore","New York Jets","--","WR","1968-09-27","Syracuse","1994"
"Renaldo Turnbull","New Orleans Saints","--","LB","1966-01-05","West Virginia","1994"
"Aaron Glenn","New York Jets","--","DB","1972-07-16","Texas A&amp;M","1994"
"Chad Hennings","Dallas Cowboys","--","DT","1965-10-20","Air Force","1994"
"Keith Elias","New York Giants","--","RB","1972-02-03","Princeton","1994"
"Eric Swann","Arizona Cardinals","--","DE","1970-08-16","Wake Technical College","1994"
"Mark Collins","Kansas City Chiefs","--","DB","1964-01-16","Cal State-Fullerton","1994"
"Floyd Turner","Indianapolis Colts","--","WR","1966-05-29","Northwestern State","1994"
"Bob Christian","Chicago Bears","--","RB","1968-11-14","Northwestern","1994"
"Ron Cox","Chicago Bears","--","LB","1968-03-29","Fresno State","1994"
"Dwight Hollier","Miami Dolphins","--","LB","1969-04-21","North Carolina","1994"
"Tim Ruddy","Miami Dolphins","--","C","1972-04-27","Notre Dame","1994"
"Tory Epps","Chicago Bears","--","DT","1967-05-28","Memphis","1994"
"Derwin Gray","Indianapolis Colts","--","DB","1971-04-09","Brigham Young","1994"
"Bryan Cox","Miami Dolphins","--","LB","1968-02-17","Western Illinois","1994"
"Lomas Brown","Detroit Lions","--","OT","1963-03-30","Florida","1994"
"Jim Ritcher","Atlanta Falcons","--","OG","1958-05-21","North Carolina State","1994"
"Steve Walsh","Chicago Bears","--","QB","1966-12-01","Miami","1994"
"Reggie Cobb","Green Bay Packers","--","RB","1968-07-07","Tennessee","1994"
"Chris Hinton","Minnesota Vikings","--","OG","1961-07-31","Northwestern","1994"
"Kevin Turner","New England Patriots","--","RB","1969-06-12","Alabama","1994"
"Trevor Matich","Washington Redskins","--","C","1961-10-09","Brigham Young","1994"
"Lester Archambeau","Atlanta Falcons","--","DE","1967-06-27","Stanford","1994"
"Chris Calloway","New York Giants","--","WR","1968-03-29","Michigan","1994"
"Erik Williams","Dallas Cowboys","--","OT","1968-09-07","Central State","1994"
"John Parrella","San Diego Chargers","--","DT","1969-11-22","Nebraska","1994"
"Ricky Reynolds","New England Patriots","--","DB","1965-01-19","Washington State","1994"
"James Joseph","Philadelphia Eagles","--","RB","1967-10-28","Auburn","1994"
"Keith Jennings","Chicago Bears","--","TE","1966-05-19","Clemson","1994"
"Eric Allen","Philadelphia Eagles","--","DB","1965-11-22","Arizona State","1994"
"Derrick Oden","Philadelphia Eagles","--","LB","1970-09-29","Alabama","1994"
"Charles Jordan","Green Bay Packers","--","WR","1969-10-09","Long Beach City College","1994"
"Marc Spindler","Detroit Lions","--","DT","1969-11-28","Pittsburgh","1994"
"Carwell Gardner","Buffalo Bills","--","RB","1966-11-27","Louisville","1994"
"Jim McMahon","Arizona Cardinals","--","QB","1959-08-21","Brigham Young","1994"
"Lance Smith","New York Giants","--","OG","1963-01-01","Louisiana State","1994"
"Todd Steussie","Minnesota Vikings","--","OT","1970-12-01","California","1994"
"Jackie Harris","Tampa Bay Buccaneers","--","TE","1968-01-04","Northeast Louisiana","1994"
"Jeff Criswell","New York Jets","--","OT","1964-03-07","Graceland","1994"
"Lorenzo Lynch","Arizona Cardinals","--","DB","1963-04-06","Sacramento State","1994"
"Kirk Botkin","New Orleans Saints","--","TE","1971-03-19","Arkansas","1994"
"Elvis Grbac","San Francisco 49ers","--","QB","1970-08-13","Michigan","1994"
"David Palmer","Minnesota Vikings","--","RB","1972-11-19","Alabama","1994"
"Darion Conner","New Orleans Saints","--","LB","1967-09-28","Jackson State","1994"
"Desmond Howard","Washington Redskins","--","WR","1970-05-15","Michigan","1994"
"Trev Alberts","Indianapolis Colts","--","LB","1970-08-08","Nebraska","1994"
"Elbert Shelley","Atlanta Falcons","--","DB","1964-12-24","Arkansas State","1994"
"Fred Baxter","New York Jets","--","TE","1971-06-14","Auburn","1994"
"Lewis Bush","San Diego Chargers","--","LB","1969-12-02","Washington State","1994"
"Robert Massey","Detroit Lions","--","DB","1967-02-17","North Carolina Central","1994"
"Ricky Siglar","Kansas City Chiefs","--","OT","1966-06-14","San Jose State","1994"
"Bernie Kosar","Miami Dolphins","--","QB","1963-11-25","Miami","1994"
"Jeff Wilkins","Philadelphia Eagles","--","K","1972-04-19","Youngstown State","1994"
"Dwayne Harper","San Diego Chargers","--","DB","1966-03-29","South Carolina State","1994"
"Larry Whigham","New England Patriots","--","DB","1972-06-23","Northeast Louisiana","1994"
"Dennis Brown","San Francisco 49ers","--","DE","1967-11-06","Washington","1994"
"Seth Joyner","Arizona Cardinals","--","LB","1964-11-18","Texas-El Paso","1994"
"Brett Maxie","Atlanta Falcons","--","DB","1962-01-13","Texas Southern","1994"
"Rod Bernstine","Denver Broncos","--","RB","1965-02-08","Texas A&amp;M","1994"
"Dennis Gibson","San Diego Chargers","--","LB","1964-02-08","Iowa State","1994"
"Chris Jacke","Green Bay Packers","--","K","1966-03-12","Texas-El Paso","1994"
"Dan Owens","Detroit Lions","--","DT","1967-03-16","Southern California","1994"
"Rhett Hall","San Francisco 49ers","--","DT","1968-12-05","California","1994"
"Darrien Gordon","San Diego Chargers","--","DB","1970-11-14","Stanford","1994"
"Sam Gash","New England Patriots","--","RB","1969-03-07","Penn State","1994"
"Darrin Smith","Dallas Cowboys","--","LB","1970-04-15","Miami","1994"
"Gabe Wilkins","Green Bay Packers","--","DE","1971-09-01","Gardner-Webb","1994"
"Wally Williams","Cleveland Browns","--","OG","1971-02-19","Florida A&amp;M","1994"
"Gary Zimmerman","Denver Broncos","--","OT","1961-12-13","Oregon","1994"
"Randall McDaniel","Minnesota Vikings","--","OG","1964-12-19","Arizona State","1994"
"Mike Dumas","Buffalo Bills","--","DB","1969-03-18","Indiana","1994"
"Michael Jackson","Cleveland Browns","--","WR","1969-04-12","Southern Mississippi","1994"
"Harris Barton","San Francisco 49ers","--","OT","1964-04-19","North Carolina","1994"
"Jason Sehorn","New York Giants","--","DB","1971-04-15","Southern California","1994"
"Ed Brady","Tampa Bay Buccaneers","--","LB","1962-06-17","Illinois","1994"
"J.B. Brown","Miami Dolphins","--","DB","1967-01-05","Maryland","1994"
"Dwayne Gordon","Atlanta Falcons","--","LB","1969-11-02","New Hampshire","1994"
"Mark Rypien","Cleveland Browns","--","QB","1962-10-02","Washington State","1994"
"David Frisch","Cincinnati Bengals","--","TE","1970-06-22","Colorado State","1994"
"Walter Reeves","Cleveland Browns","--","TE","1965-12-16","Auburn","1994"
"Terry Mickens","Green Bay Packers","--","WR","1971-02-21","Florida A&amp;M","1994"
"Rick Cunningham","Arizona Cardinals","--","OG","1967-01-04","Texas A&amp;M","1994"
"Ruffin Hamilton","Green Bay Packers","--","LB","1971-03-02","Tulane","1994"
"Anthony Pleasant","Cleveland Browns","--","DE","1968-01-27","Tennessee State","1994"
"Sterling Palmer","Washington Redskins","--","DE","1971-02-04","Florida State","1994"
"Mark Maddox","Buffalo Bills","--","LB","1968-03-23","Northern Michigan","1994"
"George Jamison","Kansas City Chiefs","--","LB","1962-09-30","Cincinnati","1994"
"James Willis","Green Bay Packers","--","LB","1972-09-02","Auburn","1994"
"Roman Fortin","Atlanta Falcons","--","C","1967-02-26","San Diego State","1994"
"Ashley Ambrose","Indianapolis Colts","--","DB","1970-09-17","Mississippi Valley State","1994"
"Brad Daluiso","New York Giants","--","K","1967-12-31","UCLA","1994"
"John Alt","Kansas City Chiefs","--","OT","1962-05-30","Iowa","1994"
"Randy Kirk","Arizona Cardinals","--","LB","1964-12-27","San Diego State","1994"
"Jumpy Geathers","Atlanta Falcons","--","DT","1960-06-26","Wichita State","1994"
"Shawn Jefferson","San Diego Chargers","--","WR","1969-02-22","Central Florida","1994"
"Michael Irvin","Dallas Cowboys","--","WR","1966-03-05","Miami","1994"
"Don Davey","Green Bay Packers","--","DT","1968-04-08","Wisconsin","1994"
"Reggie Roby","Washington Redskins","--","P","1961-07-30","Iowa","1994"
"Jeff Dellenbach","Miami Dolphins","--","OG","1963-02-14","Wisconsin","1994"
"Tydus Winans","Washington Redskins","--","WR","1972-07-26","Fresno State","1994"
"Doug Brien","San Francisco 49ers","--","K","1970-11-24","California","1994"
"Rob Burnett","Cleveland Browns","--","DE","1967-08-27","Syracuse","1994"
"Aaron Jones","New England Patriots","--","DE","1966-12-18","Eastern Kentucky","1994"
"Dwayne Carswell","Denver Broncos","--","TE","1972-01-18","Liberty","1994"
"Shawn Lee","San Diego Chargers","--","DE","1966-10-24","North Alabama","1994"
"Don Griffin","Cleveland Browns","--","DB","1964-03-17","Middle Tennessee State","1994"
"Glenn Parker","Buffalo Bills","--","OG","1966-04-22","Arizona","1994"
"Doug Widell","Detroit Lions","--","OG","1966-09-23","Boston College","1994"
"Jim Everett","New Orleans Saints","--","QB","1963-01-03","Purdue","1994"
"Carlos Jenkins","Minnesota Vikings","--","LB","1968-07-12","Michigan State","1994"
"Leroy Thompson","New England Patriots","--","RB","1968-02-03","Penn State","1994"
"Gale Gilbert","San Diego Chargers","--","QB","1961-12-20","California","1994"
"Dan Jones","Cincinnati Bengals","--","OL","1970-07-22","Maine","1994"
"Isaac Davis","San Diego Chargers","--","OG","1972-04-08","Arkansas","1994"
"Ray Donaldson","Seattle Seahawks","--","C","1958-05-18","Georgia","1994"
"Ron Heller","Miami Dolphins","--","OT","1962-08-25","Penn State","1994"
"Jeff Brady","Tampa Bay Buccaneers","--","LB","1968-11-09","Kentucky","1994"
"Lonnie Marts","Tampa Bay Buccaneers","--","LB","1968-11-10","Tulane","1994"
"Bill Brooks","Buffalo Bills","--","WR","1964-04-06","Boston University","1994"
"Jeff Uhlenhake","New Orleans Saints","--","C","1966-01-28","Ohio State","1994"
"Johnny Mitchell","New York Jets","--","TE","1971-01-20","Nebraska","1994"
"Mack Strong","Seattle Seahawks","--","RB","1971-09-11","Georgia","1994"
"Deon Figures","Pittsburgh Steelers","--","DB","1970-01-20","Colorado","1994"
"Roosevelt Potts","Indianapolis Colts","--","RB","1971-01-08","Northeast Louisiana","1994"
"Steve Avery","Pittsburgh Steelers","--","RB","1966-08-18","Northern Michigan","1994"
"Joseph Nash","Seattle Seahawks","--","DT","1960-10-11","Boston College","1994"
"Chris Slade","New England Patriots","--","LB","1971-01-30","Virginia","1994"
"Brad Culpepper","Tampa Bay Buccaneers","--","DT","1969-05-08","Florida","1994"
"Ed Simmons","Washington Redskins","--","OT","1963-12-31","Eastern Washington","1994"
"Brett Wallerstedt","Cincinnati Bengals","--","LB","1970-11-24","Arizona State","1994"
"Marshall Faulk","Indianapolis Colts","--","RB","1973-02-26","San Diego State","1994"
"Herman Arvie","Cleveland Browns","--","OT","1970-10-12","Grambling","1994"
"Cornelius Bennett","Buffalo Bills","--","LB","1965-08-25","Alabama","1994"
"Irving Fryar","Miami Dolphins","--","WR","1962-09-28","Nebraska","1994"
"Lawrence Dawsey","Tampa Bay Buccaneers","--","WR","1967-11-16","Florida State","1994"
"Michael McGruder","Tampa Bay Buccaneers","--","DB","1964-05-06","Kent State","1994"
"Henry Jones","Buffalo Bills","--","DB","1967-12-29","Illinois","1994"
"Anthony Redmon","Arizona Cardinals","--","OG","1971-04-09","Auburn","1994"
"Randy Hilliard","Denver Broncos","--","DB","1967-02-06","Northwestern State","1994"
"Scott Mitchell","Detroit Lions","--","QB","1968-01-02","Utah","1994"
"John Fina","Buffalo Bills","--","OT","1969-03-11","Arizona","1994"
"Bobby Abrams","Minnesota Vikings","--","LB","1967-04-12","Michigan","1994"
"Marc Woodard","Philadelphia Eagles","--","LB","1970-02-21","Mississippi State","1994"
"Marcus Buckley","New York Giants","--","LB","1971-02-03","Texas A&amp;M","1994"
"Jerry Evans","Denver Broncos","--","TE","1968-09-28","Toledo","1994"
"Winfred Tubbs","New Orleans Saints","--","LB","1970-09-24","Texas","1994"
"Zefross Moss","Indianapolis Colts","--","OT","1966-08-17","Alabama State","1994"
"Corwin Brown","New England Patriots","--","DB","1970-04-25","Michigan","1994"
"Jim Kelly","Buffalo Bills","--","QB","1960-02-14","Miami","1994"
"John Hudson","Philadelphia Eagles","--","OG","1968-01-29","Auburn","1994"
"Clyde Simmons","Arizona Cardinals","--","DE","1964-08-04","Western Carolina","1994"
"Phillippi Sparks","New York Giants","--","DB","1969-04-15","Arizona State","1994"
"Andre Waters","Arizona Cardinals","--","DB","1962-03-10","Cheyney","1994"
"Dave Garnett","Minnesota Vikings","--","LB","1970-12-06","Stanford","1994"
"Rodney Hampton","New York Giants","--","RB","1969-04-03","Georgia","1994"
"Willie Oshodin","Denver Broncos","--","DE","1969-09-16","Villanova","1994"
"Ray Crittenden","New England Patriots","--","WR","1970-03-01","Virginia Tech","1994"
"Fred Barnett","Philadelphia Eagles","--","WR","1966-06-17","Arkansas State","1994"
"Chris Port","New Orleans Saints","--","OL","1967-11-02","Duke","1994"
"Rod Woodson","Pittsburgh Steelers","--","DB","1965-03-10","Purdue","1994"
"Jeff Sydner","Philadelphia Eagles","--","WR","1969-11-11","Hawaii","1994"
"Marlo Perry","Buffalo Bills","--","LB","1972-08-25","Jackson State","1994"
"Monty Brown","Buffalo Bills","--","LB","1970-04-13","Ferris State","1994"
"Irving Spikes","Miami Dolphins","--","RB","1970-12-21","Northeast Louisiana","1994"
"Dana Stubblefield","San Francisco 49ers","--","DT","1970-11-14","Kansas","1994"
"Gerald Williams","Pittsburgh Steelers","--","DE","1963-09-08","Auburn","1994"
"Shaun Gayle","Chicago Bears","--","DB","1962-03-08","Ohio State","1994"
"Emmitt Smith","Dallas Cowboys","--","RB","1969-05-15","Florida","1994"
"Andre Hastings","Pittsburgh Steelers","--","WR","1970-11-07","Georgia","1994"
"Vernon Turner","Tampa Bay Buccaneers","--","KR","1967-01-06","Carson-Newman","1994"
"Reggie Clark","Pittsburgh Steelers","--","LB","1967-10-17","North Carolina","1994"
"Mitch Berger","Philadelphia Eagles","--","P","1972-06-24","Colorado","1994"
"Rafael Robinson","Seattle Seahawks","--","DB","1969-06-19","Wisconsin","1994"
"Kimo von Oelhoffen","Cincinnati Bengals","--","DT","1971-01-30","Boise State","1994"
"Charles Dimry","Tampa Bay Buccaneers","--","DB","1966-01-31","Nevada-Las Vegas","1994"
"John Johnson","Cincinnati Bengals","--","LB","1968-05-08","Clemson","1994"
"Troy Barnett","New England Patriots","--","DT","1971-05-24","North Carolina","1994"
"Paul Gruber","Tampa Bay Buccaneers","--","OT","1965-02-24","Wisconsin","1994"
"Kerry Cash","Indianapolis Colts","--","TE","1969-08-07","Texas","1994"
"Aaron Bailey","Indianapolis Colts","--","WR","1971-10-24","Louisville","1994"
"Chris Walsh","Minnesota Vikings","--","WR","1968-12-12","Stanford","1994"
"Ronnie Harmon","San Diego Chargers","--","RB","1964-05-07","Iowa","1994"
"Damon Watts","Indianapolis Colts","--","DB","1972-04-08","Indiana","1994"
"Ken Ruettgers","Green Bay Packers","--","OT","1962-08-20","Southern California","1994"
"Marcus Wilson","Green Bay Packers","--","RB","1968-04-16","Virginia","1994"
"Earl Dotson","Green Bay Packers","--","OT","1970-12-17","Texas A&amp;M-Kingsville","1994"
"Adam Walker","San Francisco 49ers","--","RB","1968-06-07","Pittsburgh","1994"
"Vince Buck","New Orleans Saints","--","DB","1968-01-12","Central State","1994"
"Trace Armstrong","Chicago Bears","--","DE","1965-10-05","Florida","1994"
"Errict Rhett","Tampa Bay Buccaneers","--","RB","1970-12-11","Florida","1994"
"Alfred Williams","Cincinnati Bengals","--","DE","1968-11-06","Colorado","1994"
"Van Malone","Detroit Lions","--","DB","1970-07-01","Texas","1994"
"Ben Smith","Denver Broncos","--","DB","1967-05-14","Georgia","1994"
"Tommy Barnhardt","New Orleans Saints","--","P","1963-06-11","North Carolina","1994"
"Mark Tuinei","Dallas Cowboys","--","OT","1960-03-31","Hawaii","1994"
"Eric Lynch","Detroit Lions","--","RB","1970-05-16","Grand Valley State","1994"
"Gary Plummer","San Francisco 49ers","--","LB","1960-01-26","California","1994"
"Richard Brown","Minnesota Vikings","--","LB","1965-09-21","San Diego State","1994"
"Rico Smith","Cleveland Browns","--","WR","1969-01-14","Colorado","1994"
"John Carney","San Diego Chargers","--","K","1964-04-20","Notre Dame","1994"
"Ashley Sheppard","Minnesota Vikings","--","LB","1969-01-21","Clemson","1994"
"Jerry Rice","San Francisco 49ers","--","WR","1962-10-13","Mississippi Valley State","1994"
"Tito Wooten","New York Giants","--","DB","1971-12-12","Northeast Louisiana","1994"
"Stacey Dillard","New York Giants","--","DT","1968-09-17","Oklahoma","1994"
"Pat Swilling","Detroit Lions","--","LB","1964-10-25","Georgia Tech","1994"
"Henry Thomas","Minnesota Vikings","--","DT","1965-01-12","Louisiana State","1994"
"Bernie Parmalee","Miami Dolphins","--","RB","1967-09-16","Ball State","1994"
"Jesse Campbell","New York Giants","--","DB","1969-04-11","North Carolina State","1994"
"Ricky Sanders","Atlanta Falcons","--","WR","1960-09-30","Texas State","1994"
"Robert Brooks","Green Bay Packers","--","WR","1970-06-23","South Carolina","1994"
"Greg Truitt","Cincinnati Bengals","--","C","1965-12-08","Penn State","1994"
"Vencie Glenn","Minnesota Vikings","--","DB","1964-10-26","Indiana State","1994"
"Jeff Novak","Miami Dolphins","--","OG","1967-07-27","Texas State","1994"
"Dave Richards","Atlanta Falcons","--","OT","1966-04-11","UCLA","1994"
"Joel Smeenge","New Orleans Saints","--","DE","1968-04-01","Western Michigan","1994"
"Jerome Henderson","Buffalo Bills","--","DB","1969-08-08","Clemson","1994"
"Greg Montgomery","Detroit Lions","--","P","1964-10-29","Michigan State","1994"
"Aubrey Beavers","Miami Dolphins","--","LB","1971-08-30","Oklahoma","1994"
"Jay Bellamy","Seattle Seahawks","--","DB","1972-07-08","Rutgers","1994"
"Lee Woodall","San Francisco 49ers","--","LB","1969-10-31","West Chester","1994"
"Michael Stewart","Miami Dolphins","--","DB","1965-07-12","Fresno State","1994"
"Greg Jeffries","Detroit Lions","--","DB","1971-10-16","Virginia","1994"
"Jamie Dukes","Green Bay Packers","--","C","1964-06-14","Florida State","1994"
"Todd Kelly","San Francisco 49ers","--","DE","1970-11-27","Tennessee","1994"
"Corbin Lacina","Buffalo Bills","--","OG","1970-11-02","Augustana (SD)","1994"
"Casey Weldon","Tampa Bay Buccaneers","--","QB","1969-02-03","Florida State","1994"
"Warren Moon","Minnesota Vikings","--","QB","1956-11-18","Washington","1994"
"Drew Bledsoe","New England Patriots","--","QB","1972-02-14","Washington State","1994"
"Joe Johnson","New Orleans Saints","--","DE","1972-07-11","Louisville","1994"
"Dexter Nottage","Washington Redskins","--","DE","1970-11-14","Florida A&amp;M","1994"
"Pio Sagapolutele","Cleveland Browns","--","DT","1969-11-28","San Diego State","1994"
"Robert Goff","New Orleans Saints","--","DT","1965-10-02","Auburn","1994"
"Amp Lee","Minnesota Vikings","--","RB","1971-10-01","Florida State","1994"
"Calvin Jackson","Miami Dolphins","--","DB","1972-10-28","Auburn","1994"
"Terrell Buckley","Green Bay Packers","--","DB","1971-06-07","Florida State","1994"
"Ramondo Stallings","Cincinnati Bengals","--","DE","1971-11-21","San Diego State","1994"
"Ted Washington","Denver Broncos","--","DT","1968-04-13","Louisville","1994"
"Will Wolford","Indianapolis Colts","--","OT","1964-05-18","Vanderbilt","1994"
"Simon Fletcher","Denver Broncos","--","DE","1962-02-18","Houston","1994"
"Ricardo McDonald","Cincinnati Bengals","--","LB","1969-11-08","Pittsburgh","1994"
"Frank Winters","Green Bay Packers","--","C","1964-01-23","Western Illinois","1994"
"Brian Hansen","New York Jets","--","P","1960-10-26","Sioux Falls","1994"
"Jim Sweeney","New York Jets","--","C","1962-08-08","Pittsburgh","1994"
"Glenn Cadrez","New York Jets","--","LB","1970-01-02","Houston","1994"
"Brad Johnson","Minnesota Vikings","--","QB","1968-09-13","Florida State","1994"
"Vincent Brisby","New England Patriots","--","WR","1971-01-25","Northeast Louisiana","1994"
"Mark Dennis","Cincinnati Bengals","--","OT","1965-04-15","Illinois","1994"
"Jason Belser","Indianapolis Colts","--","DB","1970-05-28","Oklahoma","1994"
"Eric Mahlum","Indianapolis Colts","--","OG","1970-12-06","California","1994"
"Steve DeOssie","New England Patriots","--","LB","1962-11-22","Boston College","1994"
"Mel Agee","Atlanta Falcons","--","DT","1968-11-22","Illinois","1994"
"Darryl Morrison","Washington Redskins","--","DB","1971-05-19","Arizona","1994"
"Eric Guliford","Minnesota Vikings","--","WR","1969-10-25","Arizona State","1994"
"Derrick Ned","New Orleans Saints","--","RB","1969-01-05","Grambling","1994"
"Charles Mincy","Kansas City Chiefs","--","DB","1969-12-16","Washington","1994"
"Adrian Hardy","San Francisco 49ers","--","DB","1970-08-16","Northwestern State","1994"
"James Harris","Minnesota Vikings","--","DE","1968-05-13","Temple","1994"
"Tony Stargell","Tampa Bay Buccaneers","--","DB","1966-08-07","Tennessee State","1994"
"Martin Harrison","Minnesota Vikings","--","DE","1967-09-20","Washington","1994"
"Eric England","Arizona Cardinals","--","DE","1971-03-25","Texas A&amp;M","1994"
"Courtney Hall","San Diego Chargers","--","C","1968-08-26","Rice","1994"
"Myron Bell","Pittsburgh Steelers","--","DB","1971-09-15","Michigan State","1994"
"Ron Stone","Dallas Cowboys","--","OG","1971-07-20","Boston College","1994"
"Vernon Lewis","New England Patriots","--","DB","1970-10-27","Pittsburgh","1994"
"Frank Pollack","San Francisco 49ers","--","OT","1967-11-05","Northern Arizona","1994"
"Mike Arthur","New England Patriots","--","C","1968-05-07","Texas A&amp;M","1994"
"Dave Widell","Denver Broncos","--","C","1965-05-14","Boston College","1994"
"Mike Zandofsky","Atlanta Falcons","--","OG","1965-11-30","Washington","1994"
"Mike Horan","New York Giants","--","P","1959-02-01","Long Beach State","1994"
"Lenny McGill","Green Bay Packers","--","DB","1971-05-31","Arizona State","1994"
"Jim Flanigan","Chicago Bears","--","DT","1971-08-27","Notre Dame","1994"
"Ed Cunningham","Arizona Cardinals","--","C","1969-08-17","Washington","1994"
"Todd Peterson","Arizona Cardinals","--","K","1970-02-04","Georgia","1994"
"Bernard Dafney","Minnesota Vikings","--","OT","1968-11-01","Tennessee","1994"
"Pete Metzelaars","Buffalo Bills","--","TE","1960-05-24","Wabash","1994"
"Ernest Dye","Arizona Cardinals","--","OT","1971-07-15","South Carolina","1994"
"Louis Oliver","Cincinnati Bengals","--","DB","1966-03-09","Florida","1994"
"Michael Timpson","New England Patriots","--","WR","1967-06-06","Penn State","1994"
"Chuck Smith","Atlanta Falcons","--","DE","1969-12-21","Tennessee","1994"
"Bam Morris","Pittsburgh Steelers","--","RB","1972-01-13","Texas Tech","1994"
"Brian Blades","Seattle Seahawks","--","WR","1965-07-24","Miami","1994"
"Dana Hall","San Francisco 49ers","--","DB","1969-07-08","Washington","1994"
"Lee Johnson","Cincinnati Bengals","--","P","1961-11-27","Brigham Young","1994"
"Leslie Shepherd","Washington Redskins","--","WR","1969-11-03","Temple","1994"
"Sam Adams","Seattle Seahawks","--","DT","1973-06-13","Texas A&amp;M","1994"
"Doug Terry","Kansas City Chiefs","--","DB","1969-12-12","Kansas","1994"
"Leon Searcy","Pittsburgh Steelers","--","OT","1969-12-21","Miami","1994"
"Rich Braham","Cincinnati Bengals","--","C","1970-11-06","West Virginia","1994"
"Mark Gunn","New York Jets","--","DT","1968-07-24","Pittsburgh","1994"
"Sean Love","Tampa Bay Buccaneers","--","OG","1968-09-06","Penn State","1994"
"Chip Lohmiller","Washington Redskins","--","K","1966-07-16","Minnesota","1994"
"Keith Burns","Denver Broncos","--","LB","1972-05-16","Oklahoma State","1994"
"Johnnie Barnes","San Diego Chargers","--","WR","1968-07-21","Hampton","1994"
"Carl Simpson","Chicago Bears","--","DE","1970-04-18","Florida State","1994"
"Neil Smith","Kansas City Chiefs","--","DE","1966-04-10","Nebraska","1994"
"Kirk Lowdermilk","Indianapolis Colts","--","C","1963-04-10","Ohio State","1994"
"Coleman Rudolph","New York Giants","--","LB","1970-10-22","Georgia Tech","1994"
"Mike Fox","New York Giants","--","DE","1967-08-05","West Virginia","1994"
"Bobby Houston","New York Jets","--","LB","1967-10-26","North Carolina State","1994"
"Kevin Henry","Pittsburgh Steelers","--","DE","1968-10-23","Mississippi State","1994"
"Alonzo Spellman","Chicago Bears","--","DE","1971-09-27","Ohio State","1994"
"Corey Croom","New England Patriots","--","RB","1971-05-22","Ball State","1994"
"Larry Centers","Arizona Cardinals","--","RB","1968-06-01","Stephen F. Austin","1994"
"Louie Aguiar","Kansas City Chiefs","--","P","1966-06-30","Utah State","1994"
"Bryce Paup","Green Bay Packers","--","LB","1968-02-29","Northern Iowa","1994"
"Bucky Brooks","Buffalo Bills","--","DB","1971-01-22","North Carolina","1994"
"Mark Pike","Buffalo Bills","--","LB","1963-12-27","Georgia Tech","1994"
"Tim Harris","San Francisco 49ers","--","LB","1964-09-10","Memphis","1994"
"Toi Cook","San Francisco 49ers","--","DB","1964-12-03","Stanford","1994"
"James Saxon","Miami Dolphins","--","RB","1966-03-23","San Jose State","1994"
"Terrence Warren","Seattle Seahawks","--","WR","1969-08-02","Hampton","1994"
"Lamont Hollinquest","Washington Redskins","--","LB","1970-10-24","Southern California","1994"
"Tyrone Legette","New Orleans Saints","--","DB","1970-02-15","Nebraska","1994"
"Myron Guyton","New England Patriots","--","DB","1967-08-26","Eastern Kentucky","1994"
"Gus Frerotte","Washington Redskins","--","QB","1971-07-31","Tulsa","1994"
"John Elway","Denver Broncos","--","QB","1960-06-28","Stanford","1994"
"Bob Whitfield","Atlanta Falcons","--","OT","1971-10-18","Stanford","1994"
"Jerrol Williams","Kansas City Chiefs","--","LB","1967-07-05","Purdue","1994"
"Jeff Robinson","Denver Broncos","--","TE","1970-02-20","Idaho","1994"
"Terry Irving","Arizona Cardinals","--","LB","1971-07-03","McNeese State","1994"
"Eric Ball","Cincinnati Bengals","--","RB","1966-07-01","UCLA","1994"
"Ron Hall","Detroit Lions","--","TE","1964-03-15","Hawaii","1994"
"Sam Mills","New Orleans Saints","--","LB","1959-06-03","Montclair State","1994"
"Robert Griffith","Minnesota Vikings","--","DB","1970-11-30","San Diego State","1994"
"James McKnight","Seattle Seahawks","--","WR","1972-06-17","Liberty","1994"
"Brent Alexander","Arizona Cardinals","--","DB","1970-07-10","Tennessee State","1994"
"Eugene Chung","New England Patriots","--","C","1969-06-14","Virginia Tech","1994"
"Troy Brown","New England Patriots","--","WR","1971-07-02","Marshall","1994"
"Tyronne Drakeford","San Francisco 49ers","--","DB","1971-06-21","Virginia Tech","1994"
"Jeff Herrod","Indianapolis Colts","--","LB","1966-07-29","Mississippi","1994"
"Dave Thomas","Dallas Cowboys","--","DB","1968-08-25","Tennessee","1994"
"Curtis Whitley","San Diego Chargers","--","C","1969-05-10","Clemson","1994"
"Brent Williams","Seattle Seahawks","--","DE","1964-10-23","Toledo","1994"
"Duval Love","Pittsburgh Steelers","--","OG","1963-06-24","UCLA","1994"
"Calvin Williams","Philadelphia Eagles","--","WR","1967-03-03","Purdue","1994"
"Donald Evans","New York Jets","--","DE","1964-03-14","Winston-Salem State","1994"
"Mark Stepnoski","Dallas Cowboys","--","C","1967-01-20","Pittsburgh","1994"
"Ronnie Williams","Miami Dolphins","--","TE","1966-01-19","Oklahoma State","1994"
"Rod Milstead","San Francisco 49ers","--","OG","1969-11-10","Delaware State","1994"
"Chad Fann","Arizona Cardinals","--","TE","1970-06-07","Florida A&amp;M","1994"
"Darnay Scott","Cincinnati Bengals","--","WR","1972-07-07","San Diego State","1994"
"Marty Carter","Tampa Bay Buccaneers","--","DB","1969-12-17","Middle Tennessee State","1994"
"Harald Hasselbach","Denver Broncos","--","DE","1967-09-22","Washington","1994"
"Frankie Smith","Miami Dolphins","--","DB","1968-10-08","Baylor","1994"
"William Bell","Washington Redskins","--","RB","1971-07-22","Georgia Tech","1994"
"Thomas Lewis","New York Giants","--","WR","1972-01-10","Indiana","1994"
"Reggie Johnson","Green Bay Packers","--","TE","1968-01-27","Florida State","1994"
"J.J. Birden","Kansas City Chiefs","--","WR","1965-06-16","Oregon","1994"
"Mike Compton","Detroit Lions","--","C","1970-09-18","West Virginia","1994"
"Dwayne Sabb","New England Patriots","--","LB","1969-10-09","New Hampshire","1994"
"Eric Bieniemy","San Diego Chargers","--","RB","1969-08-15","Colorado","1994"
"Chris Gray","Miami Dolphins","--","OG","1970-06-19","Auburn","1994"
"Roger Duffy","New York Jets","--","C","1967-07-16","Penn State","1994"
"Derrick Thomas","Kansas City Chiefs","--","LB","1967-01-01","Alabama","1994"
"Willie Clark","San Diego Chargers","--","DB","1972-01-06","Notre Dame","1994"
"Michael Brandon","Arizona Cardinals","--","DE","1968-07-30","Florida","1994"
"Herschel Walker","Philadelphia Eagles","--","RB","1962-03-03","Georgia","1994"
"Rodney Holman","Detroit Lions","--","TE","1960-04-20","Tulane","1994"
"Robert Porcher","Detroit Lions","--","DE","1969-07-30","South Carolina State","1994"
"Kevin Mawae","Seattle Seahawks","--","C","1971-01-23","Louisiana State","1994"
"Keith Cash","Kansas City Chiefs","--","TE","1969-08-07","Texas","1994"
"Wayne Simmons","Green Bay Packers","--","LB","1969-12-15","Clemson","1994"
"Jack Trudeau","New York Jets","--","QB","1962-09-09","Illinois","1994"
"Cal Dixon","New York Jets","--","C","1969-10-11","Florida","1994"
"Darren Anderson","Kansas City Chiefs","--","DB","1969-01-11","Toledo","1994"
"Tony Tolbert","Dallas Cowboys","--","DE","1967-12-29","Texas-El Paso","1994"
"Kevin Mitchell","San Francisco 49ers","--","LB","1971-01-01","Syracuse","1994"
"Bert Emanuel","Atlanta Falcons","--","WR","1970-10-27","Rice","1994"
"Everett McIver","New York Jets","--","OG","1970-08-05","Elizabeth City State","1994"
"Anthony Marshall","Chicago Bears","--","DB","1970-09-16","Louisiana State","1994"
"Hurvin McCormack","Dallas Cowboys","--","DT","1972-04-06","Indiana","1994"
"Ryan Wetnight","Chicago Bears","--","TE","1970-11-05","Stanford","1994"
"Scott Galbraith","Dallas Cowboys","--","TE","1967-01-07","Southern California","1994"
"Rodney Culver","San Diego Chargers","--","RB","1969-12-23","Notre Dame","1994"
"Troy Vincent","Miami Dolphins","--","DB","1971-06-08","Wisconsin","1994"
"Stevie Anderson","New York Jets","--","WR","1970-05-12","Grambling","1994"
"Harper LeBel","Atlanta Falcons","--","TE","1963-07-14","Colorado State","1994"
"Chris Maumalanga","New York Giants","--","DT","1971-12-15","Kansas","1994"
"Rondell Jones","Denver Broncos","--","DB","1971-05-07","North Carolina","1994"
"Gene Atkins","Miami Dolphins","--","DB","1964-11-22","Florida A&amp;M","1994"
"Ron George","Atlanta Falcons","--","LB","1970-03-20","Stanford","1994"
"Terance Mathis","Atlanta Falcons","--","WR","1967-06-07","New Mexico","1994"
"Chris Spielman","Detroit Lions","--","LB","1965-10-11","Ohio State","1994"
"Reuben Davis","San Diego Chargers","--","DT","1965-05-07","North Carolina","1994"
"Sean Hill","Miami Dolphins","--","DB","1971-08-14","Montana State","1994"
"Darryl Hall","Denver Broncos","--","DB","1966-08-01","Washington","1994"
"Mike Tomczak","Pittsburgh Steelers","--","QB","1962-10-23","Ohio State","1994"
"Tony Mayberry","Tampa Bay Buccaneers","--","C","1967-12-08","Wake Forest","1994"
"Jamal Anderson","Atlanta Falcons","--","RB","1972-09-30","Utah","1994"
"Charles Evans","Minnesota Vikings","--","RB","1967-04-16","Clark Atlanta","1994"
"Jason Elam","Denver Broncos","--","K","1970-03-08","Hawaii","1994"
"Fred Strickland","Green Bay Packers","--","LB","1966-08-15","Purdue","1994"
"Randy Fuller","Denver Broncos","--","DB","1970-06-02","Tennessee State","1994"
"Corey Sawyer","Cincinnati Bengals","--","DB","1971-10-04","Florida State","1994"
"John Taylor","San Francisco 49ers","--","WR","1962-03-31","Delaware State","1994"
"Bob Kratch","New England Patriots","--","OG","1966-01-06","Iowa","1994"
"Erik Kramer","Chicago Bears","--","QB","1964-11-06","North Carolina State","1994"
"Steve Atwater","Denver Broncos","--","DB","1966-10-28","Arkansas","1994"
"Max Lane","New England Patriots","--","OT","1971-02-22","Navy","1994"
"Jonathan Hayes","Pittsburgh Steelers","--","TE","1962-08-11","Iowa","1994"
"Tony Casillas","New York Jets","--","DT","1963-10-26","Oklahoma","1994"
"Clifford Hicks","New York Jets","--","DB","1964-08-18","Oregon","1994"
"Brian Washington","New York Jets","--","DB","1965-09-10","Nebraska","1994"
"Scott Radecic","Indianapolis Colts","--","LB","1962-06-14","Penn State","1994"
"Britt Hager","Philadelphia Eagles","--","LB","1966-02-20","Texas","1994"
"Pat Harlow","New England Patriots","--","OT","1969-03-16","Southern California","1994"
"Frank Hartley","Cleveland Browns","--","TE","1967-12-15","Illinois","1994"
"Tracy Simien","Kansas City Chiefs","--","LB","1967-05-21","Texas Christian","1994"
"Broderick Thomas","Detroit Lions","--","DE","1967-02-20","Nebraska","1994"
"Justin Strzelczyk","Pittsburgh Steelers","--","OT","1968-08-18","Maine","1994"
"Tony Siragusa","Indianapolis Colts","--","DT","1967-05-14","Pittsburgh","1994"
"Eric Curry","Tampa Bay Buccaneers","--","DE","1970-02-03","Alabama","1994"
"Stanley Richard","San Diego Chargers","--","DB","1967-10-21","Texas","1994"
"Morten Andersen","New Orleans Saints","--","K","1960-08-19","Michigan State","1994"
"Rob Selby","Philadelphia Eagles","--","OG","1967-10-11","Auburn","1994"
"Craig Hentrich","Green Bay Packers","--","P","1971-05-18","Notre Dame","1994"
"Vaughn Booker","Kansas City Chiefs","--","DE","1968-02-24","Cincinnati","1994"
"Vinny Testaverde","Cleveland Browns","--","QB","1963-11-13","Miami","1994"
"Mike Wells","Detroit Lions","--","DT","1971-01-06","Iowa","1994"
"Richard Dent","San Francisco 49ers","--","DE","1960-12-13","Tennessee State","1994"
"Willie Davis","Kansas City Chiefs","--","WR","1967-10-10","Central Arkansas","1994"
"Joe Phillips","Kansas City Chiefs","--","DT","1963-07-15","Southern Methodist","1994"
"Bennie Blades","Detroit Lions","--","DB","1966-09-03","Miami","1994"
"Dan Footman","Cleveland Browns","--","DE","1969-01-13","Florida State","1994"
"Chad Bratzke","New York Giants","--","DE","1971-09-15","Eastern Kentucky","1994"
"Vince Workman","Tampa Bay Buccaneers","--","RB","1968-05-09","Ohio State","1994"
"Ernest Dixon","New Orleans Saints","--","LB","1971-10-17","South Carolina","1994"
"David Brandon","Seattle Seahawks","--","LB","1965-02-09","Memphis","1994"
"Adam Lingner","Buffalo Bills","--","C","1960-11-02","Illinois","1994"
"Brad Baxter","New York Jets","--","RB","1967-05-05","Alabama State","1994"
"David Lutz","Detroit Lions","--","OG","1959-12-20","Georgia Tech","1994"
"Tony McGee","Cincinnati Bengals","--","TE","1971-04-21","Michigan","1994"
"Jeff Query","Cincinnati Bengals","--","WR","1967-03-07","Millikin","1994"
"Wade Wilson","New Orleans Saints","--","QB","1959-02-01","Texas A&amp;M-Commerce","1994"
"David Merritt","Arizona Cardinals","--","LB","1971-09-08","North Carolina State","1994"
"Norm Johnson","Atlanta Falcons","--","K","1960-05-31","UCLA","1994"
"Roy Barker","Minnesota Vikings","--","DE","1969-02-14","North Carolina","1994"
"Rich Miano","Philadelphia Eagles","--","DB","1962-09-03","Hawaii","1994"
"Richie Anderson","New York Jets","--","RB","1971-09-13","Penn State","1994"
"Torrance Small","New Orleans Saints","--","WR","1970-09-06","Alcorn State","1994"
"Jay Novacek","Dallas Cowboys","--","TE","1962-10-24","Wyoming","1994"
"Darren Woodson","Dallas Cowboys","--","DB","1969-04-25","Arizona State","1994"
"Matt Darby","Buffalo Bills","--","DB","1968-11-19","UCLA","1994"
"Doug Evans","Green Bay Packers","--","DB","1970-05-13","Louisiana Tech","1994"
"Mark Higgs","Miami Dolphins","--","RB","1966-04-11","Kentucky","1994"
"Robert Smith","Minnesota Vikings","--","RB","1972-03-04","Ohio State","1994"
"Bart Oates","San Francisco 49ers","--","C","1958-12-16","Brigham Young","1994"
"Darren Mickell","Kansas City Chiefs","--","DE","1970-08-03","Florida","1994"
"Muhammad Oliver","Miami Dolphins","--","DB","1969-03-12","Oregon","1994"
"Craig Erickson","Tampa Bay Buccaneers","--","QB","1969-05-17","Miami","1994"
"Stan Gelbaugh","Seattle Seahawks","--","QB","1962-12-04","Maryland","1994"
"Danny Villa","Kansas City Chiefs","--","C","1964-09-21","Arizona State","1994"
"Tony Bennett","Indianapolis Colts","--","DE","1967-07-01","Mississippi","1994"
"Dedrick Dodge","San Francisco 49ers","--","DB","1967-06-14","Florida State","1994"
"James Burton","Chicago Bears","--","DB","1971-04-27","Fresno State","1994"
"Thurman Thomas","Buffalo Bills","--","RB","1966-05-16","Oklahoma State","1994"
"Bruce Smith","Buffalo Bills","--","DE","1963-06-18","Virginia Tech","1994"
"Todd Scott","Minnesota Vikings","--","DB","1968-01-23","Southwestern Louisiana","1994"
"Pete Stoyanovich","Miami Dolphins","--","K","1967-04-28","Indiana","1994"
"Reggie McElroy","Minnesota Vikings","--","OT","1960-03-04","West Texas A&amp;M","1994"
"Eric Metcalf","Cleveland Browns","--","RB","1968-01-23","Texas","1994"
"Harry Boatswain","San Francisco 49ers","--","OG","1969-06-26","New Haven","1994"
"Ariel Solomon","Pittsburgh Steelers","--","C","1968-07-16","Colorado","1994"
"Jason Mathews","Indianapolis Colts","--","OT","1971-02-09","Texas A&amp;M","1994"
"Brentson Buckner","Pittsburgh Steelers","--","DT","1971-09-30","Clemson","1994"
"Eric Davis","San Francisco 49ers","--","DB","1968-01-26","Jacksonville State","1994"
"Wesley Walls","New Orleans Saints","--","TE","1966-02-26","Mississippi","1994"
"Louis Riddick","Cleveland Browns","--","DB","1969-03-15","Pittsburgh","1994"
"Richmond Webb","Miami Dolphins","--","OT","1967-01-11","Texas A&amp;M","1994"
"Browning Nagle","Indianapolis Colts","--","QB","1968-04-29","Louisville","1994"
"David Tate","Indianapolis Colts","--","DB","1964-11-22","Colorado","1994"
"Chidi Ahanotu","Tampa Bay Buccaneers","--","DE","1970-10-11","California","1994"
"Kevin Sargent","Cincinnati Bengals","--","OT","1969-03-31","Eastern Washington","1994"
"Jeff George","Atlanta Falcons","--","QB","1967-12-08","Illinois","1994"
"Yancey Thigpen","Pittsburgh Steelers","--","WR","1969-08-15","Winston-Salem State","1994"
"J.J. McCleskey","New Orleans Saints","--","DB","1970-04-10","Tennessee","1994"
"William Thomas","Philadelphia Eagles","--","LB","1968-08-13","Texas A&amp;M","1994"
"Ed West","Green Bay Packers","--","TE","1961-08-02","Auburn","1994"
"John Randle","Minnesota Vikings","--","DE","1967-12-12","Texas A&amp;M-Kingsville","1994"
"Chris Gardocki","Chicago Bears","--","P","1970-02-07","Clemson","1994"
"Scott Kowalkowski","Detroit Lions","--","LB","1968-08-23","Notre Dame","1994"
"Eddie Murray","Philadelphia Eagles","--","K","1956-08-29","Tulane","1994"
"Jessie Tuggle","Atlanta Falcons","--","LB","1965-02-14","Valdosta State","1994"
"Ricky Proehl","Arizona Cardinals","--","WR","1968-03-07","Wake Forest","1994"
"Jamir Miller","Arizona Cardinals","--","LB","1973-11-19","UCLA","1994"
"Nate Singleton","San Francisco 49ers","--","WR","1968-07-05","Grambling","1994"
"Carnell Lake","Pittsburgh Steelers","--","DB","1967-07-15","UCLA","1994"
"Shane Dronett","Denver Broncos","--","DT","1971-01-12","Texas","1994"
"Ricky Watters","San Francisco 49ers","--","RB","1969-04-07","Notre Dame","1994"
"Paul Butcher","Indianapolis Colts","--","LB","1963-11-08","Wayne State (MI)","1994"
"Andre Reed","Buffalo Bills","--","WR","1964-01-29","Kutztown","1994"
"Jimmy Spencer","New Orleans Saints","--","DB","1969-03-29","Florida","1994"
"Kenneth Gant","Dallas Cowboys","--","DB","1967-04-18","Albany State","1994"
"Brock Marion","Dallas Cowboys","--","DB","1970-06-11","Nevada","1994"
"Robb Thomas","Seattle Seahawks","--","WR","1966-03-29","Oregon State","1994"
"Ted Popson","San Francisco 49ers","--","TE","1966-09-10","Portland State","1994"
"Tim Grunhard","Kansas City Chiefs","--","C","1968-05-17","Notre Dame","1994"
"Mark Royals","Pittsburgh Steelers","--","P","1965-06-22","Appalachian State","1994"
"Gene Williams","Cleveland Browns","--","OG","1968-10-14","Iowa State","1994"
"Victor Bailey","Philadelphia Eagles","--","WR","1970-07-03","Missouri","1994"
"Vaughn Hebron","Philadelphia Eagles","--","RB","1970-10-07","Virginia Tech","1994"
"Kyle Clifton","New York Jets","--","LB","1962-08-23","Texas Christian","1994"
"Derek Ware","Arizona Cardinals","--","TE","1967-09-17","Central Oklahoma","1994"
"Selwyn Jones","New Orleans Saints","--","DB","1970-05-13","Colorado State","1994"
"Kurt Barber","New York Jets","--","DE","1969-01-05","Southern California","1994"
"Thomas McLemore","Cleveland Browns","--","TE","1970-03-14","Southern","1994"
"Darryl Williams","Cincinnati Bengals","--","DB","1970-01-07","Miami","1994"
"Lamar Thomas","Tampa Bay Buccaneers","--","WR","1970-02-12","Miami","1994"
"Brad Edwards","Atlanta Falcons","--","DB","1966-03-22","South Carolina","1994"
"Rick Tuten","Seattle Seahawks","--","P","1965-01-05","Florida State","1994"
"Steve Hendrickson","San Diego Chargers","--","LB","1966-08-30","California","1994"
"Olanda Truitt","Washington Redskins","--","WR","1971-01-04","Mississippi State","1994"
"Chris Zorich","Chicago Bears","--","DT","1969-03-13","Notre Dame","1994"
"Jim Schwantz","Dallas Cowboys","--","LB","1970-01-23","Purdue","1994"
"Omar Douglas","New York Giants","--","WR","1972-06-03","Minnesota","1994"
"Corey Raymond","New York Giants","--","DB","1969-07-28","Louisiana State","1994"
"Joe Cain","Chicago Bears","--","LB","1965-06-11","Oregon Tech","1994"
"Johnny Thomas","Washington Redskins","--","DB","1964-08-03","Baylor","1994"
"Ken Tippins","Atlanta Falcons","--","LB","1966-07-22","Middle Tennessee State","1994"
"Derrick Frazier","Philadelphia Eagles","--","DB","1970-04-29","Texas A&amp;M","1994"
"Rohn Stark","Indianapolis Colts","--","P","1959-05-04","Florida State","1994"
"Dan Saleaumua","Kansas City Chiefs","--","DT","1964-11-25","Arizona State","1994"
"David Dixon","Minnesota Vikings","--","OG","1969-01-05","Arizona State","1994"
"Roger Harper","Atlanta Falcons","--","DB","1970-10-26","Ohio State","1994"
"Bryan Wagner","San Diego Chargers","--","P","1962-03-28","Cal State-Northridge","1994"
"Chris Gedney","Chicago Bears","--","TE","1970-08-09","Syracuse","1994"
"Carlester Crumpler","Seattle Seahawks","--","TE","1971-09-05","East Carolina","1994"
"Keith Hamilton","New York Giants","--","DT","1971-05-25","Pittsburgh","1994"
"Sam Rogers","Buffalo Bills","--","LB","1970-05-30","Colorado","1994"
"Todd Kalis","Pittsburgh Steelers","--","OG","1965-05-10","Arizona State","1994"
"Chris Green","Miami Dolphins","--","DB","1968-02-26","Illinois","1994"
"Tim McDonald","San Francisco 49ers","--","DB","1965-01-06","Southern California","1994"
"Troy Sadowski","Cincinnati Bengals","--","TE","1965-12-08","Georgia","1994"
"Corey Miller","New York Giants","--","LB","1968-10-25","South Carolina","1994"
"Rob Carpenter","New York Jets","--","WR","1968-08-01","Syracuse","1994"
"Scott Zolak","New England Patriots","--","QB","1967-12-13","Maryland","1994"
"Bennie Thompson","Cleveland Browns","--","DB","1963-02-10","Grambling","1994"
"Jesse Sapolu","San Francisco 49ers","--","C","1961-03-10","Hawaii","1994"
"Matt Vanderbeek","Dallas Cowboys","--","LB","1967-08-16","Michigan State","1994"
"Larry Allen","Dallas Cowboys","--","OG","1971-11-27","Sonoma State","1994"
"Steve Emtman","Indianapolis Colts","--","DT","1970-04-16","Washington","1994"
"Eric Ravotti","Pittsburgh Steelers","--","LB","1971-03-16","Penn State","1994"
"Terry Kirby","Miami Dolphins","--","RB","1970-01-20","Virginia","1994"
"Joe Panos","Philadelphia Eagles","--","OG","1971-01-24","Wisconsin","1994"
"Troy Wilson","San Francisco 49ers","--","DE","1970-11-22","Pittsburg State","1994"
"Blair Thomas","Dallas Cowboys","--","RB","1967-10-07","Penn State","1994"
"Daryl Johnston","Dallas Cowboys","--","RB","1966-02-10","Syracuse","1994"
"Howard Ballard","Seattle Seahawks","--","OT","1963-11-03","Alabama A&amp;M","1994"
"Dan Stryzinski","Tampa Bay Buccaneers","--","P","1965-05-15","Indiana","1994"
"Cedric Tillman","Denver Broncos","--","WR","1970-07-22","Alcorn State","1994"
"Quinn Early","New Orleans Saints","--","WR","1965-04-13","Iowa","1994"
"Kimble Anders","Kansas City Chiefs","--","RB","1966-09-10","Houston","1994"
"Siupeli Malamala","New York Jets","--","OT","1969-01-15","Washington","1994"
"Chris Oldham","Arizona Cardinals","--","DB","1968-10-26","Oregon","1994"
"Tim McKyer","Pittsburgh Steelers","--","DB","1963-09-05","Texas-Arlington","1994"
"Mike Keim","Seattle Seahawks","--","OT","1965-11-12","Brigham Young","1994"
"Tyrone Braxton","Miami Dolphins","--","DB","1964-12-17","North Dakota State","1994"
"Ben Coates","New England Patriots","--","TE","1969-08-16","Livingstone","1994"
"Jim Jeffcoat","Dallas Cowboys","--","DE","1961-04-01","Arizona State","1994"
"Deems May","San Diego Chargers","--","TE","1969-03-06","North Carolina","1994"
"Sean Vanhorse","San Diego Chargers","--","DB","1968-07-22","Howard","1994"
"Duane Young","San Diego Chargers","--","TE","1968-05-29","Michigan State","1994"
"Randy Baldwin","Cleveland Browns","--","RB","1967-08-19","Mississippi","1994"
"Bob Dahl","Cleveland Browns","--","OG","1968-01-15","Notre Dame","1994"
"James Washington","Dallas Cowboys","--","DB","1965-01-10","UCLA","1994"
"Jerry Fontenot","Chicago Bears","--","C","1966-11-21","Texas A&amp;M","1994"
"Jim Dombrowski","New Orleans Saints","--","OG","1963-10-19","Virginia","1994"
"Darren Perry","Pittsburgh Steelers","--","DB","1968-12-29","Penn State","1994"
"Garrison Hearst","Arizona Cardinals","--","RB","1971-01-04","Georgia","1994"
"Brett Carolan","San Francisco 49ers","--","TE","1971-03-16","Washington State","1994"
"Jeff Zgonina","Pittsburgh Steelers","--","DT","1970-05-24","Purdue","1994"
"Jake Reed","Minnesota Vikings","--","WR","1967-09-28","Grambling","1994"
"Jason Garrett","Dallas Cowboys","--","QB","1966-03-28","Princeton","1994"
"Kevin Miniefield","Chicago Bears","--","DB","1970-03-02","Arizona State","1994"
"Mark Brunell","Green Bay Packers","--","QB","1970-09-17","Washington","1994"
"Willie Clay","Detroit Lions","--","DB","1970-09-05","Georgia Tech","1994"
"Joe Valerio","Kansas City Chiefs","--","C","1969-02-11","Pennsylvania","1994"
"Les Miller","San Diego Chargers","--","DE","1965-03-01","Fort Hays State","1994"
"Adrian Murrell","New York Jets","--","RB","1970-10-16","West Virginia","1994"
"Lester Holmes","Philadelphia Eagles","--","OG","1969-09-27","Jackson State","1994"
"Shannon Mitchell","San Diego Chargers","--","TE","1972-03-28","Georgia","1994"
"Rickey Jackson","San Francisco 49ers","--","LB","1958-03-20","Pittsburgh","1994"
"Carlton Gray","Seattle Seahawks","--","DB","1971-06-26","UCLA","1994"
"Carl Banks","Cleveland Browns","--","LB","1962-08-29","Michigan State","1994"
"Irv Smith","New Orleans Saints","--","TE","1971-10-13","Notre Dame","1994"
"Eugene Robinson","Seattle Seahawks","--","DB","1963-05-28","Colgate","1994"
"Chris Doleman","Atlanta Falcons","--","DE","1961-10-16","Pittsburgh","1994"
"Lewis Tillman","Chicago Bears","--","RB","1966-04-16","Jackson State","1994"
"Steve Young","San Francisco 49ers","--","QB","1961-10-11","Brigham Young","1994"
"Adam Schreiber","New York Giants","--","C","1962-02-20","Texas","1994"
"Derrick Walker","Kansas City Chiefs","--","TE","1967-06-23","Michigan","1994"
"Martin Mayhew","Tampa Bay Buccaneers","--","DB","1965-10-08","Florida State","1994"
"Joe Wolf","Arizona Cardinals","--","OT","1966-12-28","Boston College","1994"
"Victor Green","New York Jets","--","DB","1969-12-08","Akron","1994"
"Alton Montgomery","Atlanta Falcons","--","DB","1968-06-16","Houston","1994"
"Lamar Smith","Seattle Seahawks","--","RB","1970-11-29","Houston","1994"
"Chuck Levy","Arizona Cardinals","--","RB","1972-01-07","Arizona","1994"
"Dwight Stone","Pittsburgh Steelers","--","WR","1964-01-28","Middle Tennessee State","1994"
"Steve Broussard","Cincinnati Bengals","--","RB","1967-02-22","Washington State","1994"
"Raylee Johnson","San Diego Chargers","--","DE","1970-06-01","Arkansas","1994"
"Gary Downs","New York Giants","--","RB","1972-06-06","North Carolina State","1994"
"Mark Wheeler","Tampa Bay Buccaneers","--","DT","1970-04-01","Texas A&amp;M","1994"
"David Alexander","Philadelphia Eagles","--","C","1964-07-28","Tulsa","1994"
"Lincoln Kennedy","Atlanta Falcons","--","OT","1971-02-12","Washington","1994"
"Terry Allen","Minnesota Vikings","--","RB","1968-02-21","Clemson","1994"
"Mike Gisler","New England Patriots","--","C","1969-08-26","Houston","1994"
"Richard Harvey","Denver Broncos","--","LB","1966-09-11","Tulane","1994"
"Kent Graham","New York Giants","--","QB","1968-11-01","Ohio State","1994"
"Matt Blundin","Kansas City Chiefs","--","QB","1969-03-07","Virginia","1994"
"Steve Everitt","Cleveland Browns","--","C","1970-08-21","Michigan","1994"
"Eddie Sutter","Cleveland Browns","--","LB","1969-10-03","Northwestern","1994"
"Greg Manusky","Kansas City Chiefs","--","LB","1966-08-18","Colgate","1994"
"Derrick Moore","Detroit Lions","--","RB","1967-10-13","Northeastern Oklahoma","1994"
"John Jett","Dallas Cowboys","--","P","1968-11-11","East Carolina","1994"
"Troy Auzenne","Chicago Bears","--","OT","1969-06-26","California","1994"
"Walter Rasby","Pittsburgh Steelers","--","TE","1972-09-07","Wake Forest","1994"
"Tyrone Hughes","New Orleans Saints","--","DB","1970-01-14","Nebraska","1994"
"Robbie Tobeck","Atlanta Falcons","--","C","1970-03-06","Washington State","1994"
"Chris Penn","Kansas City Chiefs","--","WR","1971-04-20","Tulsa","1994"
"Craig Keith","Pittsburgh Steelers","--","TE","1971-04-27","Lenoir-Rhyne","1994"
"Sean Dawkins","Indianapolis Colts","--","WR","1971-02-03","California","1994"
"Will Shields","Kansas City Chiefs","--","OG","1971-09-15","Nebraska","1994"
"Terry Ray","New England Patriots","--","DB","1969-10-12","Oklahoma","1994"
"Mark Chmura","Green Bay Packers","--","TE","1969-02-22","Boston College","1994"
"Tom Rouen","Denver Broncos","--","P","1968-06-09","Colorado","1994"
"Pierce Holt","Atlanta Falcons","--","DT","1962-01-01","Angelo State","1994"
"Keith Goganious","Buffalo Bills","--","LB","1968-12-07","Penn State","1994"
"Kent Hull","Buffalo Bills","--","C","1961-01-13","Mississippi State","1994"
"Anthony Peterson","San Francisco 49ers","--","LB","1972-01-23","Notre Dame","1994"
"Erik Howard","New York Giants","--","DT","1964-11-12","Washington State","1994"
"Brian Kozlowski","New York Giants","--","TE","1970-10-04","Connecticut","1994"
"Eugene Daniel","Indianapolis Colts","--","DB","1961-05-04","Louisiana State","1994"
"John Gesek","Washington Redskins","--","C","1963-02-18","Sacramento State","1994"
"Mark Seay","San Diego Chargers","--","WR","1967-04-11","Long Beach State","1994"
"Don Beebe","Buffalo Bills","--","WR","1964-12-18","Chadron State","1994"
"Kevin Ross","Atlanta Falcons","--","DB","1962-01-16","Temple","1994"
"Kirk Scrafford","Denver Broncos","--","OT","1967-03-16","Montana","1994"
"Bernard Wilson","Tampa Bay Buccaneers","--","DT","1970-08-17","Tennessee State","1994"
"Dave Brown","New York Giants","--","QB","1970-02-25","Duke","1994"
"Andre Collins","Washington Redskins","--","LB","1968-05-04","Penn State","1994"
"Reggie Rivers","Denver Broncos","--","RB","1968-02-22","Texas State","1994"
"Klaus Wilmsmeyer","San Francisco 49ers","--","P","1967-12-04","Louisville","1994"
"Hardy Nickerson","Tampa Bay Buccaneers","--","LB","1965-09-01","California","1994"
"Keith Jackson","Miami Dolphins","--","TE","1965-04-19","Oklahoma","1994"
"Robert Blackmon","Seattle Seahawks","--","DB","1967-05-12","Baylor","1994"
"Bruce Armstrong","New England Patriots","--","OT","1965-09-07","Louisville","1994"
"Rick Lyle","Cleveland Browns","--","DE","1971-02-26","Missouri","1994"
"Jeff Christy","Minnesota Vikings","--","C","1969-02-03","Pittsburgh","1994"
"Craig Novitsky","New Orleans Saints","--","OG","1971-05-12","UCLA","1994"
"Mickey Washington","Buffalo Bills","--","DB","1968-07-08","Texas A&amp;M","1994"
"Albert Fontenot","Chicago Bears","--","DE","1970-09-17","Baylor","1994"
"Scott Brumfield","Cincinnati Bengals","--","OG","1970-08-19","Brigham Young","1994"
"Dante Jones","Chicago Bears","--","LB","1965-03-23","Oklahoma","1994"
"Bryant Young","San Francisco 49ers","--","DT","1972-01-27","Notre Dame","1994"
"Craig Heyward","Atlanta Falcons","--","RB","1966-09-26","Pittsburgh","1994"
"Pepper Johnson","Cleveland Browns","--","LB","1964-07-29","Ohio State","1994"
"Neil O'Donnell","Pittsburgh Steelers","--","QB","1966-07-03","Maryland","1994"
"Heath Shuler","Washington Redskins","--","QB","1971-12-31","Tennessee","1994"
"Ralph Tamm","San Francisco 49ers","--","OG","1966-03-11","West Chester","1994"
"Lamont Warren","Indianapolis Colts","--","RB","1973-01-04","Colorado","1994"
"Bryan Barker","Philadelphia Eagles","--","P","1964-06-28","Santa Clara","1994"
"Ken Norton","San Francisco 49ers","--","LB","1966-09-29","UCLA","1994"
"Mo Lewis","New York Jets","--","LB","1969-10-21","Georgia","1994"
"Mark Schlereth","Washington Redskins","--","OG","1966-01-25","Idaho","1994"
"Jimmie Johnson","Kansas City Chiefs","--","TE","1966-10-06","Howard","1994"
"Jay Leeuwenburg","Chicago Bears","--","OG","1969-06-18","Colorado","1994"
"Harry Colon","Detroit Lions","--","DB","1969-02-14","Missouri","1994"
"Marv Cook","Chicago Bears","--","TE","1966-02-24","Iowa","1994"
"Brant Boyer","Miami Dolphins","--","LB","1971-06-27","Arizona","1994"
"Derrick Fenner","Cincinnati Bengals","--","RB","1967-04-06","North Carolina","1994"
"LeShon Johnson","Green Bay Packers","--","RB","1971-01-15","Northern Illinois","1994"
"A.J. Johnson","Washington Redskins","--","DB","1967-06-22","Texas State","1994"
"Ben Coleman","Arizona Cardinals","--","OT","1971-05-18","Wake Forest","1994"
"Aeneas Williams","Arizona Cardinals","--","DB","1968-01-29","Southern","1994"
"David Whitmore","Kansas City Chiefs","--","DB","1967-07-06","Stephen F. Austin","1994"
"Kurt Gouveia","Washington Redskins","--","LB","1964-09-14","Brigham Young","1994"
"Mike Devlin","Buffalo Bills","--","C","1969-11-16","Iowa","1994"
"Jason Hanson","Detroit Lions","--","K","1970-06-17","Washington State","1994"
"David Meggett","New York Giants","--","RB","1966-04-30","Towson","1994"
"Bobby Hebert","Atlanta Falcons","--","QB","1960-08-19","Northwestern State","1994"
"Anthony Prior","New York Jets","--","DB","1970-03-27","Washington State","1994"
"Anthony Phillips","Atlanta Falcons","--","DB","1970-10-05","Texas A&amp;M-Kingsville","1994"
"Jerry Ostroski","Buffalo Bills","--","C","1970-07-12","Tulsa","1994"
"Barry Minter","Chicago Bears","--","LB","1970-01-28","Tulsa","1994"
"Merton Hanks","San Francisco 49ers","--","DB","1968-03-12","Iowa","1994"
"Johnnie Morton","Detroit Lions","--","WR","1971-10-07","Southern California","1994"
"Kurt Schulz","Buffalo Bills","--","DB","1968-12-12","Eastern Washington","1994"
"Keshon Johnson","Green Bay Packers","--","DB","1970-07-17","Arizona","1994"
"Charlie Garner","Philadelphia Eagles","--","RB","1972-02-13","Tennessee","1994"
"Frank Cornish","Minnesota Vikings","--","C","1967-09-24","UCLA","1994"
"Nate Newton","Dallas Cowboys","--","OG","1961-12-20","Florida A&amp;M","1994"
"Brent Jones","San Francisco 49ers","--","TE","1963-02-12","Santa Clara","1994"
"Shawn Price","Tampa Bay Buccaneers","--","DE","1970-03-28","Pacific","1994"
"John Copeland","Cincinnati Bengals","--","DT","1970-09-20","Alabama","1994"
"Ty Hallock","Detroit Lions","--","RB","1971-04-30","Michigan State","1994"
"Mike Sullivan","Tampa Bay Buccaneers","--","OG","1967-12-22","Miami","1994"
"Richard Cooper","New Orleans Saints","--","OT","1964-11-01","Tennessee","1994"
"Robert Harris","Minnesota Vikings","--","DT","1969-06-13","Southern","1994"
"Mark Williams","Green Bay Packers","--","LB","1971-05-17","Ohio State","1994"
"Gilbert Brown","Green Bay Packers","--","DT","1971-02-22","Kansas","1994"
"Ronnie Bradford","Denver Broncos","--","DB","1970-10-01","Colorado","1994"
"Tom McHale","Philadelphia Eagles","--","OT","1963-02-25","Cornell","1994"
"Joel Steed","Pittsburgh Steelers","--","DT","1969-02-17","Colorado","1994"
"Howard Cross","New York Giants","--","TE","1967-08-08","Alabama","1994"
"Steve Christie","Buffalo Bills","--","K","1967-11-13","William &amp; Mary","1994"
"Tony Martin","San Diego Chargers","--","WR","1965-09-05","Mesa State","1994"
"Curtis Conway","Chicago Bears","--","WR","1971-03-13","Southern California","1994"
"Sean Salisbury","Minnesota Vikings","--","QB","1963-03-09","Southern California","1994"
"Dorsey Levens","Green Bay Packers","--","RB","1970-05-21","Georgia Tech","1994"
"Scott Dill","Tampa Bay Buccaneers","--","OT","1966-04-05","Memphis","1994"
"Steve Beuerlein","Arizona Cardinals","--","QB","1965-03-07","Notre Dame","1994"
"Ty Parten","Cincinnati Bengals","--","DT","1969-10-13","Arizona","1994"
"Leonard Russell","Denver Broncos","--","RB","1969-11-17","Arizona State","1994"
"Jumbo Elliott","New York Giants","--","OT","1965-04-01","Michigan","1994"
"Mike Croel","Denver Broncos","--","DE","1969-06-06","Nebraska","1994"
"Aaron Laing","San Diego Chargers","--","TE","1971-07-19","New Mexico State","1994"
"Fred McAfee","Pittsburgh Steelers","--","RB","1968-06-20","Mississippi College","1994"
"Stephen Grant","Indianapolis Colts","--","LB","1969-12-23","West Virginia","1994"
"Kendall Gammon","Pittsburgh Steelers","--","TE","1968-10-23","Pittsburg State","1994"
"Doug Pelfrey","Cincinnati Bengals","--","K","1970-09-25","Kentucky","1994"
"Tim Jacobs","Cleveland Browns","--","DB","1970-04-05","Delaware","1994"
"Stevon Moore","Cleveland Browns","--","DB","1967-02-09","Mississippi","1994"
"Eric Zomalt","Philadelphia Eagles","--","DB","1972-08-09","California","1994"
"Devon McDonald","Indianapolis Colts","--","LB","1969-11-08","Notre Dame","1994"
"Russell Maryland","Dallas Cowboys","--","DT","1969-03-22","Miami","1994"
"Tracy Rogers","Kansas City Chiefs","--","LB","1967-08-13","Fresno State","1994"
"Paul Frase","New York Jets","--","DE","1965-05-05","Syracuse","1994"
"Nick Lowery","New York Jets","--","K","1956-05-27","Dartmouth","1994"
"Rodney Peete","Dallas Cowboys","--","QB","1966-03-16","Southern California","1994"
"Tommy Vardell","Cleveland Browns","--","RB","1969-02-20","Stanford","1994"
"O.J. McDuffie","Miami Dolphins","--","WR","1969-12-02","Penn State","1994"
"Jerry Olsavsky","Pittsburgh Steelers","--","LB","1967-03-29","Pittsburgh","1994"
"David Szott","Kansas City Chiefs","--","OG","1967-12-12","Penn State","1994"
"Glenn Foley","New York Jets","--","QB","1970-10-10","Boston College","1994"
"Chad Brown","Pittsburgh Steelers","--","LB","1970-07-12","Colorado","1994"
"Marvin Washington","New York Jets","--","DE","1965-10-22","Idaho","1994"
"Ricky Ervins","Washington Redskins","--","RB","1968-12-07","Southern California","1994"
"David Binn","San Diego Chargers","--","C","1972-02-06","California","1994"
"Quentin Coryatt","Indianapolis Colts","--","LB","1970-08-01","Texas A&amp;M","1994"
"Jeff Cross","Miami Dolphins","--","DE","1966-03-25","Missouri","1994"
"Lin Elliott","Kansas City Chiefs","--","K","1968-11-11","Texas Tech","1994"
"Matt Stover","Cleveland Browns","--","K","1968-01-27","Louisiana Tech","1994"
"Dan Wilkinson","Cincinnati Bengals","--","DT","1973-03-13","Ohio State","1994"
"Michael Sinclair","Seattle Seahawks","--","DE","1968-01-31","Eastern New Mexico","1994"
"Jack Del Rio","Minnesota Vikings","--","LB","1963-04-04","Southern California","1994"
"Broderick Thompson","Philadelphia Eagles","--","OT","1960-08-14","Kansas","1994"
"Karl Dunbar","Arizona Cardinals","--","DT","1967-05-18","Louisiana State","1994"
"William Floyd","San Francisco 49ers","--","RB","1972-02-17","Florida State","1994"
"Eric Castle","San Diego Chargers","--","DB","1970-03-15","Oregon","1994"
"Bill Romanowski","Philadelphia Eagles","--","LB","1966-04-02","Boston College","1994"
"Shane Bonham","Detroit Lions","--","DT","1970-10-18","Tennessee","1994"
"Gary Jones","Pittsburgh Steelers","--","DB","1967-11-30","Texas A&amp;M","1994"
"Godfrey Myles","Dallas Cowboys","--","LB","1968-09-22","Florida","1994"
"Shante Carver","Dallas Cowboys","--","DE","1971-02-12","Arizona State","1994"
"Derek Loville","San Francisco 49ers","--","RB","1968-07-04","Oregon","1994"
"Jeff Hill","Cincinnati Bengals","--","WR","1972-09-24","Purdue","1994"
"Cris Carter","Minnesota Vikings","--","WR","1965-11-25","Ohio State","1994"
"Moe Gardner","Atlanta Falcons","--","DT","1968-08-10","Illinois","1994"
"Deion Sanders","San Francisco 49ers","--","DB","1967-08-09","Florida State","1994"
"Earnest Byner","Cleveland Browns","--","RB","1962-09-15","East Carolina","1994"
"Demetrius DuBose","Tampa Bay Buccaneers","--","LB","1971-03-23","Notre Dame","1994"
"Greg Jackson","Philadelphia Eagles","--","DB","1966-08-20","Louisiana State","1994"
"Brad Banta","Indianapolis Colts","--","TE","1970-12-14","Southern California","1994"
"Ryan McNeil","Detroit Lions","--","DB","1970-10-04","Miami","1994"
"William Gaines","Miami Dolphins","--","DT","1971-06-20","Florida","1994"
"Jeff Cothran","Cincinnati Bengals","--","RB","1971-06-28","Ohio State","1994"
"John Lynch","Tampa Bay Buccaneers","--","DB","1971-09-25","Stanford","1994"
"Fuad Reveiz","Minnesota Vikings","--","K","1963-02-24","Tennessee","1994"
"Shawn Bouwens","Detroit Lions","--","OG","1968-05-25","Nebraska Wesleyan","1994"
"Marc Boutte","Washington Redskins","--","DT","1969-07-26","Louisiana State","1994"
"Lonnie Young","San Diego Chargers","--","DB","1963-07-18","Michigan State","1994"
"Otis Smith","Philadelphia Eagles","--","DB","1965-10-22","Missouri","1994"
"Jessie Armstead","New York Giants","--","LB","1970-10-26","Miami","1994"
"Leslie O'Neal","San Diego Chargers","--","DE","1964-05-07","Oklahoma State","1994"
"Willie Green","Tampa Bay Buccaneers","--","WR","1966-04-02","Mississippi","1994"
"Michael Bates","Seattle Seahawks","--","WR","1969-12-19","Arizona","1994"
"Randal Hill","Arizona Cardinals","--","WR","1969-09-21","Miami","1994"
"Greg Kragen","Kansas City Chiefs","--","DT","1962-03-04","Utah State","1994"
"Antonio Langham","Cleveland Browns","--","DB","1972-07-31","Alabama","1994"
"Steve Bono","Kansas City Chiefs","--","QB","1962-05-11","UCLA","1994"
"Tracy Scroggins","Detroit Lions","--","DE","1969-09-11","Tulsa","1994"
"David Wyman","Denver Broncos","--","LB","1964-03-31","Stanford","1994"
"Mike Prior","Green Bay Packers","--","DB","1963-11-14","Illinois State","1994"
"Edgar Bennett","Green Bay Packers","--","RB","1969-02-15","Florida State","1994"
"Cedric Smith","Washington Redskins","--","RB","1968-05-27","Florida","1994"
"Fernando Smith","Minnesota Vikings","--","DE","1971-08-02","Jackson State","1994"
"Darnell Walker","Atlanta Falcons","--","DB","1970-01-17","Oklahoma","1994"
"Leroy Hoard","Cleveland Browns","--","RB","1968-05-15","Michigan","1994"
"Alfred Pupunu","San Diego Chargers","--","TE","1969-10-17","Weber State","1994"
"Andrew Jordan","Minnesota Vikings","--","TE","1972-06-21","Western Carolina","1994"
"Darrick Brilz","Cincinnati Bengals","--","C","1964-02-14","Oregon State","1994"
"Esera Tuaolo","Minnesota Vikings","--","DT","1968-07-11","Oregon State","1994"
"Derrick Graham","Kansas City Chiefs","--","OG","1967-03-18","Appalachian State","1994"
"Keith Byars","Miami Dolphins","--","RB","1963-10-14","Ohio State","1994"
"James Jenkins","Washington Redskins","--","TE","1967-08-17","Rutgers","1994"
"Jeremy Lincoln","Chicago Bears","--","DB","1969-04-07","Tennessee","1994"
"Donnell Bennett","Kansas City Chiefs","--","RB","1972-09-14","Miami","1994"
"Lake Dawson","Kansas City Chiefs","--","WR","1972-01-02","Notre Dame","1994"
"Anthony Morgan","Green Bay Packers","--","WR","1967-11-15","Tennessee","1994"
"Horace Copeland","Tampa Bay Buccaneers","--","WR","1971-01-02","Miami","1994"
"Nate Lewis","Chicago Bears","--","WR","1966-10-19","Oregon Tech","1994"
"Dewayne Washington","Minnesota Vikings","--","DB","1972-12-27","North Carolina State","1994"
"Thomas Everett","Tampa Bay Buccaneers","--","DB","1964-11-21","Baylor","1994"
"Dexter Carter","San Francisco 49ers","--","RB","1967-09-15","Florida State","1994"
"Tracy Hayworth","Detroit Lions","--","LB","1967-12-18","Tennessee","1994"
"Oliver Barnett","Buffalo Bills","--","DE","1966-04-09","Kentucky","1994"
"Ed McDaniel","Minnesota Vikings","--","LB","1969-02-23","Clemson","1994"
"Jason Gildon","Pittsburgh Steelers","--","LB","1972-07-31","Oklahoma State","1994"
"Scott Conover","Detroit Lions","--","OG","1968-09-27","Purdue","1994"
"Chris Singleton","Miami Dolphins","--","LB","1967-02-20","Arizona","1994"
"Scott Davis","New York Giants","--","OG","1970-01-29","Iowa","1994"
"Ronnie Harris","Seattle Seahawks","--","WR","1970-06-04","Oregon","1994"
"Terry Taylor","Seattle Seahawks","--","DB","1961-07-18","Southern Illinois","1994"
"Mike Pritchard","Denver Broncos","--","WR","1969-10-26","Colorado","1994"
"Chris Dalman","San Francisco 49ers","--","OG","1970-03-15","Stanford","1994"
"Aaron Pierce","New York Giants","--","TE","1969-09-06","Washington","1994"
"Rodney Harrison","San Diego Chargers","--","DB","1972-12-15","Western Illinois","1994"
"Tre' Johnson","Washington Redskins","--","OG","1971-08-30","Temple","1994"
"Doug Riesenberg","New York Giants","--","OT","1965-07-22","California","1994"
"Reggie Brooks","Washington Redskins","--","RB","1971-01-19","Notre Dame","1994"
"Tommy Jeter","Philadelphia Eagles","--","DT","1969-09-20","Texas","1994"
"Raymont Harris","Chicago Bears","--","RB","1970-12-23","Ohio State","1994"
"Dave Krieg","Detroit Lions","--","QB","1958-10-20","Milton","1994"
"Adrian Cooper","Minnesota Vikings","--","TE","1968-04-27","Oklahoma","1994"
"Darren Studstill","Dallas Cowboys","--","DB","1970-08-09","West Virginia","1994"
"John Burke","New England Patriots","--","TE","1971-09-07","Virginia Tech","1994"
"Michael Husted","Tampa Bay Buccaneers","--","K","1970-06-16","Virginia","1994"
"David Klingler","Cincinnati Bengals","--","QB","1969-02-17","Houston","1994"
"Ray Brown","Washington Redskins","--","OG","1962-12-12","Arkansas State","1994"
"Keith Taylor","Washington Redskins","--","DB","1964-12-21","Illinois","1994"
"Roger Jones","Cincinnati Bengals","--","DB","1969-04-22","Tennessee State","1994"
"Mel Gray","Detroit Lions","--","WR","1961-03-16","Purdue","1994"
"Brett Favre","Green Bay Packers","--","QB","1969-10-10","Southern Mississippi","1994"
"Raleigh McKenzie","Washington Redskins","--","OG","1963-02-08","Tennessee","1994"
"Antonio Edwards","Seattle Seahawks","--","DE","1970-03-10","Valdosta State","1994"
"William White","Kansas City Chiefs","--","DB","1966-02-19","Ohio State","1994"
"Mike Brim","Cincinnati Bengals","--","DB","1966-01-23","Virginia Union","1994"
"Bill Bates","Dallas Cowboys","--","DB","1961-06-06","Tennessee","1994"
"Steve Tasker","Buffalo Bills","--","WR","1962-04-10","Northwestern","1994"
"Trent Dilfer","Tampa Bay Buccaneers","--","QB","1972-03-13","Fresno State","1994"
"Eric Turner","Cleveland Browns","--","DB","1968-09-20","UCLA","1994"
"Thomas Beer","Detroit Lions","--","LB","1969-03-27","Wayne State (MI)","1994"
"Alvoid Mays","Washington Redskins","--","DB","1966-07-10","West Virginia","1994"
"Dale Carter","Kansas City Chiefs","--","DB","1969-11-28","Tennessee","1994"
"Tim Hauck","Green Bay Packers","--","DB","1966-12-20","Montana","1994"
"Ray Seals","Pittsburgh Steelers","--","DE","1965-06-17","","1994"
"Ray Crockett","Denver Broncos","--","DB","1967-01-05","Baylor","1994"
"Greg Hill","Kansas City Chiefs","--","RB","1972-02-23","Texas A&amp;M","1994"
"Donnell Woolford","Chicago Bears","--","DB","1966-01-06","Clemson","1994"
"Ryan Yarborough","New York Jets","--","WR","1971-04-26","Wyoming","1994"
"Santo Stephens","Cincinnati Bengals","--","LB","1969-06-16","Temple","1994"
"Boomer Esiason","New York Jets","--","QB","1961-04-17","Maryland","1994"
"Darryl Talley","Buffalo Bills","--","LB","1960-07-10","West Virginia","1994"
"Brian Kinchen","Cleveland Browns","--","TE","1965-08-06","Louisiana State","1994"
"Ian Beckles","Tampa Bay Buccaneers","--","OG","1967-07-20","Indiana","1994"
"Marvcus Patton","Buffalo Bills","--","LB","1967-05-01","UCLA","1994"
"Maurice Douglass","Chicago Bears","--","DB","1964-02-12","Kentucky","1994"
"Tim Goad","New England Patriots","--","DT","1966-02-28","North Carolina","1994"
"Bill Schroeder","Green Bay Packers","--","WR","1971-01-09","Wisconsin-LaCrosse","1994"
"Chris Boniol","Dallas Cowboys","--","K","1971-12-09","Louisiana Tech","1994"
"Mario Bates","New Orleans Saints","--","RB","1973-01-16","Arizona State","1994"
"Todd Rucci","New England Patriots","--","OG","1970-07-14","Penn State","1994"
"Carl Pickens","Cincinnati Bengals","--","WR","1970-03-23","Tennessee","1994"
"Art Monk","New York Jets","--","WR","1957-12-05","Syracuse","1994"
"Tom Myslinski","Chicago Bears","--","OG","1968-12-07","Tennessee","1994"
"Rod Stephens","Seattle Seahawks","--","LB","1966-06-14","Georgia Tech","1994"
"Troy Aikman","Dallas Cowboys","--","QB","1966-11-21","UCLA","1994"
"Elijah Alexander","Denver Broncos","--","LB","1970-08-08","Kansas State","1994"
"Issac Booth","Cleveland Browns","--","DB","1971-05-23","California","1994"
"James Hasty","New York Jets","--","DB","1965-05-23","Washington State","1994"
"Don Majkowski","Indianapolis Colts","--","QB","1964-02-25","Virginia","1994"
"Trey Junkin","Seattle Seahawks","--","TE","1961-01-23","Louisiana Tech","1994"
"John Gerak","Minnesota Vikings","--","OG","1970-01-06","Penn State","1994"
"Scott Adams","New Orleans Saints","--","OG","1966-09-28","Georgia","1994"
"Bernard Whittington","Indianapolis Colts","--","DT","1971-08-20","Indiana","1994"
"Herman Moore","Detroit Lions","--","WR","1969-10-20","Virginia","1994"
"Derek Kennard","Dallas Cowboys","--","OG","1962-09-09","Nevada","1994"
"Mike Saxon","Minnesota Vikings","--","P","1962-07-10","San Diego State","1994"
"Freddie Joe Nunn","Indianapolis Colts","--","DE","1962-04-09","Mississippi","1994"
"Marty Moore","New England Patriots","--","LB","1971-03-19","Kentucky","1994"
"William Roberts","New York Giants","--","OG","1962-08-05","Ohio State","1994"
"Harry Galbreath","Green Bay Packers","--","OG","1965-01-01","Tennessee","1994"
"John Jurkovic","Green Bay Packers","--","DT","1967-08-18","Eastern Illinois","1994"
"Vinson Smith","Chicago Bears","--","LB","1965-07-03","East Carolina","1994"
"Jeff Blackshear","Seattle Seahawks","--","OG","1969-03-29","Northeast Louisiana","1994"
"Harry Swayne","San Diego Chargers","--","OT","1965-02-02","Rutgers","1994"
"Shannon Sharpe","Denver Broncos","--","TE","1968-06-26","Savannah State","1994"
"Matt Brock","Green Bay Packers","--","DT","1966-01-14","Oregon","1994"
"Dave Moore","Tampa Bay Buccaneers","--","TE","1969-11-11","Pittsburgh","1994"
"Michael McCrary","Seattle Seahawks","--","DE","1970-07-07","Wake Forest","1994"
"Bert Weidner","Miami Dolphins","--","OL","1966-01-20","Kent State","1994"
"Antonio Goss","San Francisco 49ers","--","LB","1966-08-11","North Carolina","1994"
"Ken Harvey","Washington Redskins","--","LB","1965-05-06","California","1994"
"Frank Reich","Buffalo Bills","--","QB","1961-12-04","Maryland","1994"
"Michael Bankston","Arizona Cardinals","--","DE","1970-03-12","Sam Houston State","1994"
"Dan Marino","Miami Dolphins","--","QB","1961-09-15","Pittsburgh","1994"
"Frank Stams","Cleveland Browns","--","LB","1965-07-17","Notre Dame","1994"
"Terry Hoage","Arizona Cardinals","--","DB","1962-04-11","Georgia","1994"
"Andy Heck","Chicago Bears","--","OT","1967-01-01","Notre Dame","1994"
"LeRoy Butler","Green Bay Packers","--","DB","1968-07-19","Florida State","1994"
"Marcus Turner","New York Jets","--","DB","1966-01-13","UCLA","1994"
"Ray Roberts","Seattle Seahawks","--","OT","1969-06-03","Virginia","1994"
"Eric Hill","Arizona Cardinals","--","LB","1966-11-14","Louisiana State","1994"
"Michael Dean Perry","Cleveland Browns","--","DT","1965-08-27","Clemson","1994"
"Courtney Hawkins","Tampa Bay Buccaneers","--","WR","1969-12-12","Michigan State","1994"
"John Mangum","Chicago Bears","--","DB","1967-03-16","Alabama","1994"
"Tom Nalen","Denver Broncos","--","C","1971-05-13","Boston College","1994"
"Rick Hamilton","Kansas City Chiefs","--","LB","1970-04-19","Central Florida","1994"
"Robert Jones","Dallas Cowboys","--","LB","1969-09-27","East Carolina","1994"
"Jeff Lageman","New York Jets","--","DE","1967-07-18","Virginia","1994"
"Darrell Green","Washington Redskins","--","DB","1960-02-15","Texas A&amp;M-Kingsville","1994"
"Todd Perry","Chicago Bears","--","OG","1970-11-28","Kentucky","1994"
"Karl Wilson","Tampa Bay Buccaneers","--","DE","1964-09-10","Louisiana State","1994"
"Henry Ellard","Washington Redskins","--","WR","1961-07-21","Fresno State","1994"
"Dwayne White","New York Jets","--","OG","1967-02-10","Alcorn State","1994"
"Duane Bickett","Seattle Seahawks","--","LB","1962-12-01","Southern California","1994"
"Rufus Porter","Seattle Seahawks","--","LB","1965-05-18","Southern","1994"
"Eric Thomas","New York Jets","--","DB","1964-09-11","Tulane","1994"
"John Thierry","Chicago Bears","--","DE","1971-09-04","Alcorn State","1994"
"Andre Rison","Atlanta Falcons","--","WR","1967-03-18","Michigan State","1994"
"Scott Miller","Miami Dolphins","--","WR","1968-10-20","UCLA","1994"
"Anthony Carter","Detroit Lions","--","WR","1960-09-17","Michigan","1994"
"John Friesz","Washington Redskins","--","QB","1967-05-19","Idaho","1994"
"Keenan McCardell","Cleveland Browns","--","WR","1970-01-06","Nevada-Las Vegas","1994"
"Derrick Deese","San Francisco 49ers","--","OT","1970-05-17","Southern California","1994"
"Tyji Armstrong","Tampa Bay Buccaneers","--","TE","1970-10-03","Mississippi","1994"
"Ray Buchanan","Indianapolis Colts","--","DB","1971-09-29","Louisville","1994"
"Maurice Hurst","New England Patriots","--","DB","1967-09-17","Southern","1994"
"Phil Hansen","Buffalo Bills","--","DE","1968-05-20","North Dakota State","1994"
"Randy Dixon","Indianapolis Colts","--","OG","1965-03-12","Pittsburgh","1994"
"Ernie Mills","Pittsburgh Steelers","--","WR","1968-10-28","Florida","1994"
"Greg Bishop","New York Giants","--","OG","1971-05-02","Pacific","1994"
"Darrick Brownlow","Dallas Cowboys","--","LB","1968-12-28","Illinois","1994"
"Stan Brock","San Diego Chargers","--","OT","1958-06-08","Colorado","1994"
"Natrone Means","San Diego Chargers","--","RB","1972-04-26","North Carolina","1994"
"Michael Strahan","New York Giants","--","DE","1971-11-21","Texas Southern","1994"
"George Koonce","Green Bay Packers","--","LB","1968-10-15","East Carolina","1994"
"Russell Copeland","Buffalo Bills","--","WR","1971-11-04","Memphis","1994"
"Keith Rucker","Cincinnati Bengals","--","DT","1968-11-20","Ohio Wesleyan","1994"
"Tim Watson","Kansas City Chiefs","--","DB","1970-08-13","Howard","1994"
"Keith Sims","Miami Dolphins","--","OG","1967-06-17","Iowa State","1994"
"Randall Cunningham","Philadelphia Eagles","--","QB","1963-03-27","Nevada-Las Vegas","1994"
"Thomas Randolph","New York Giants","--","DB","1970-10-05","Kansas State","1994"
"Martin Bayless","Washington Redskins","--","DB","1962-10-11","Bowling Green","1994"
"Joe Sims","Green Bay Packers","--","OT","1969-03-01","Nebraska","1994"
"Cecil Gray","Indianapolis Colts","--","OT","1968-02-16","North Carolina","1994"
"Myron Baker","Chicago Bears","--","LB","1971-01-06","Louisiana Tech","1994"
"Thomas Smith","Buffalo Bills","--","DB","1970-12-05","North Carolina","1994"
"Stan Humphries","San Diego Chargers","--","QB","1965-04-14","Northeast Louisiana","1994"
"Dale Hellestrae","Dallas Cowboys","--","OG","1962-07-11","Southern Methodist","1994"
"Tony McCoy","Indianapolis Colts","--","DT","1969-06-10","Florida","1994"
"Dermontti Dawson","Pittsburgh Steelers","--","C","1965-06-17","Kentucky","1994"
"Dan McGwire","Seattle Seahawks","--","QB","1967-12-18","San Diego State","1994"
"Willie Roaf","New Orleans Saints","--","OT","1970-04-18","Louisiana Tech","1994"
"Jeff Burris","Buffalo Bills","--","DB","1972-06-07","Notre Dame","1994"
"Mark Rodenhauser","Detroit Lions","--","C","1961-06-01","Illinois State","1994"
"Tim Bowens","Miami Dolphins","--","DT","1973-02-07","Mississippi","1994"
"Lonnie Johnson","Buffalo Bills","--","TE","1971-02-14","Florida State","1994"
"Russell Freeman","Denver Broncos","--","OT","1969-09-02","Georgia Tech","1994"
"Scottie Graham","Minnesota Vikings","--","RB","1969-03-28","Ohio State","1994"
"Harold Bishop","Tampa Bay Buccaneers","--","TE","1970-04-08","Louisiana State","1994"
"Antonio London","Detroit Lions","--","LB","1971-04-14","Alabama","1994"
"John Kidd","Miami Dolphins","--","P","1961-08-22","Northwestern","1994"
"Guy McIntyre","Green Bay Packers","--","OG","1961-02-17","Georgia","1994"
"Rick Mirer","Seattle Seahawks","--","QB","1970-03-19","Notre Dame","1994"
"Kevin Butler","Chicago Bears","--","K","1962-07-24","Georgia","1994"
"Glyn Milburn","Denver Broncos","--","RB","1971-02-19","Stanford","1994"
"Lorenzo Neal","New Orleans Saints","--","RB","1970-12-27","Fresno State","1994"
"Junior Seau","San Diego Chargers","--","LB","1969-01-19","Southern California","1994"
"Jeff Graham","Chicago Bears","--","WR","1969-02-14","Ohio State","1994"
"Danan Hughes","Kansas City Chiefs","--","WR","1970-12-11","Iowa","1994"
"Levon Kirkland","Pittsburgh Steelers","--","LB","1969-02-17","Clemson","1994"
"Sean Lumpkin","New Orleans Saints","--","DB","1970-01-04","Minnesota","1994"
"Brett Perriman","Detroit Lions","--","WR","1965-10-10","Miami","1994"
"Joe Cocozzo","San Diego Chargers","--","OG","1970-08-07","Michigan","1994"
"Pat Eilers","Washington Redskins","--","DB","1966-09-03","Notre Dame","1994"
"Matt Bahr","New England Patriots","--","K","1956-07-06","Penn State","1994"
"Vinnie Clark","Atlanta Falcons","--","DB","1969-01-22","Ohio State","1994"
"Kenyon Rasheed","New York Giants","--","RB","1970-08-23","Oklahoma","1994"
"Joe Patton","Washington Redskins","--","OG","1972-01-05","Alabama A&amp;M","1994"
"George Hegamin","Dallas Cowboys","--","OT","1973-02-14","North Carolina State","1994"
"Jeff Feagles","Arizona Cardinals","--","P","1966-03-07","Miami","1994"
"Kevin Greene","Pittsburgh Steelers","--","LB","1962-07-31","Auburn","1994"
"Chris Mohr","Buffalo Bills","--","P","1966-05-11","Alabama","1994"
"Greg Davis","Arizona Cardinals","--","K","1965-10-29","Citadel","1994"
"Joe Staysniak","Indianapolis Colts","--","OG","1966-12-08","Ohio State","1994"
"Tony Woods","Washington Redskins","--","DE","1965-10-11","Pittsburgh","1994"
"Aaron Craver","Miami Dolphins","--","RB","1968-12-18","Fresno State","1994"
"Ed McCaffrey","San Francisco 49ers","--","WR","1968-08-17","Stanford","1994"
"Dean Biasucci","Indianapolis Colts","--","K","1962-07-25","Western Carolina","1994"
"Charles McRae","Tampa Bay Buccaneers","--","OT","1968-09-16","Tennessee","1994"
"John Kasay","Seattle Seahawks","--","K","1969-10-27","Georgia","1994"
"Orlando Brown","Cleveland Browns","--","OT","1970-12-12","South Carolina State","1994"
"Harlon Barnett","New England Patriots","--","DB","1967-01-02","Michigan State","1994"
"Gerald Dixon","Cleveland Browns","--","LB","1969-06-20","South Carolina","1994"
"Bruce Kozerski","Cincinnati Bengals","--","OG","1962-04-02","Holy Cross","1994"
"Robert Green","Chicago Bears","--","RB","1970-09-10","William &amp; Mary","1994"
"Harold Green","Cincinnati Bengals","--","RB","1968-01-29","South Carolina","1994"
"Terry Wooden","Seattle Seahawks","--","LB","1967-01-14","Syracuse","1994"
"Tyoka Jackson","Miami Dolphins","--","DE","1971-11-22","Penn State","1994"
"Mike Sherrard","New York Giants","--","WR","1963-06-21","UCLA","1994"
"Marcus Allen","Kansas City Chiefs","--","RB","1960-03-26","Southern California","1994"
"Pellom McDaniels","Kansas City Chiefs","--","DE","1968-02-21","Oregon State","1994"
"Erric Pegram","Atlanta Falcons","--","RB","1969-01-07","North Texas","1994"
"Leon Lett","Dallas Cowboys","--","DT","1968-10-12","Emporia State","1994"
"Todd Burger","Chicago Bears","--","OG","1970-03-20","Penn State","1994"
"Frank Wycheck","Washington Redskins","--","TE","1971-10-14","Maryland","1994"
"Qadry Ismail","Minnesota Vikings","--","WR","1970-11-08","Syracuse","1994"
"Vernice Smith","Washington Redskins","--","C","1965-10-24","Florida A&amp;M","1994"
"Patrick Hunter","Seattle Seahawks","--","DB","1964-10-24","Nevada","1994"
"Matt Willig","New York Jets","--","OT","1969-01-21","Southern California","1994"
"Tom Carter","Washington Redskins","--","DB","1972-09-05","Notre Dame","1994"
"George Teague","Green Bay Packers","--","DB","1971-02-18","Alabama","1994"
"Anthony Miller","Denver Broncos","--","WR","1965-04-15","Tennessee","1994"
"Darren Carrington","San Diego Chargers","--","DB","1966-10-10","Northern Arizona","1994"
"Aubrey Matthews","Detroit Lions","--","WR","1962-09-15","Delta State","1994"
"Kevin Glover","Detroit Lions","--","C","1963-06-17","Maryland","1994"
"Marco Coleman","Miami Dolphins","--","DE","1969-12-18","Georgia Tech","1994"
"Bubby Brister","Philadelphia Eagles","--","QB","1962-08-15","Northeast Louisiana","1994"
"Marc Logan","San Francisco 49ers","--","RB","1965-05-09","Kentucky","1994"
"Ronald Moore","Arizona Cardinals","--","RB","1970-01-26","Pittsburg State","1994"
"Barney Bussey","Tampa Bay Buccaneers","--","DB","1962-05-20","South Carolina State","1994"
"Steve Tovar","Cincinnati Bengals","--","LB","1970-04-25","Ohio State","1994"
"James Francis","Cincinnati Bengals","--","LB","1968-08-04","Baylor","1994"
"Tom Tupa","Cleveland Browns","--","P","1966-02-06","Ohio State","1994"
"Chuck Klingbeil","Miami Dolphins","--","DT","1965-11-02","Northern Michigan","1994"
"Chris Warren","Seattle Seahawks","--","RB","1967-01-24","Ferrum","1994"
"Bracy Walker","Kansas City Chiefs","--","DB","1970-10-28","North Carolina","1994"
"Carlton Bailey","New York Giants","--","LB","1964-12-15","North Carolina","1994"
"Mike Lodish","Buffalo Bills","--","DT","1967-08-11","UCLA","1994"
"Kelvin Martin","Seattle Seahawks","--","WR","1965-05-14","Boston College","1994"
"Arthur Marshall","New York Giants","--","WR","1969-04-29","Georgia","1994"
